num,family,status,shape,P_adopted_h,P_phot_h,fourier_order,T0_jd,amp_folded_mag,rms_resid_mag,n_pts,n_sessions,jd_first,jd_last,span_days,cycles_covered,low_confidence,n_apparitions,amp_per_apparition,amp_last_apparition,source,alcdef_T0_jd,alcdef_amp_folded_mag,dT0_h,damp_mag,discrepant
1053,Beltwide4,CONFIRMED,2P,3.664,1.832,2,2460261.485361943,0.176595311547261,0.2589392546132617,15662,3,2458899.327995646,2460802.0574527406,1902.7294570947997,12463.29338708384,False,3,2458908.942:0.259;2460274.059:0.289;2460788.434:0.261,0.26104245894135053,alcdef+raw,2460261.4091046667,0.17654360224313909,1.830174632370472,5.170930412190522e-05,True
1285,Beltwide,CONFIRMED,1P,15.24,15.24,4,2460775.9288067073,0.1918738379439266,0.5946167666475811,7275,2,2459447.7027215688,2460797.3439656836,1349.6412441148423,2125.4192820706176,False,2,2459462.367:0.107;2460788.109:0.214,0.21361355845858682,alcdef+raw,2460775.942777,0.1760266874017654,-0.33528702333569527,0.01584715054216118,True
1381,Beltwide4,CONFIRMED,2P,5.258,2.629,2,2459509.224855673,0.1639750686499623,0.5868466152694147,12030,5,2459036.2864063517,2459606.9385100966,570.6521037449129,2604.7262247770846,False,2,2459047.994:0.407;2459560.132:0.384,0.38410750731398025,alcdef+raw,2459509.1155333747,0.16381803115239288,2.623735159635544,0.00015703749756942886,True
1395,Beltwide9,CANDIDATE,1P,22.2611,22.2611,2,2460672.03807963,0.11313472314359331,0.1508047788306364,9509,3,2459769.9110877244,2460687.6984473066,917.7873595822603,989.47925439328,False,3,2459783.799:0.073;2460229.189:0.284;2460679.923:0.097,0.09719680175454788,raw,,,,,
1485,Beltwide8,CANDIDATE,1P,17.8756,17.8756,2,2461111.456687525,0.10436578860170465,0.39358154161653763,7797,2,2459311.820826575,2461126.404200953,1814.5833743778057,2436.2819141772775,False,2,2459321.958:0.136;2461118.640:0.070,0.06986059894894196,raw,,,,,
1519,Beltwide7,CONFIRMED,1P,27.35,27.35,4,2460776.232036282,0.27405708630064907,0.22383725951447628,10064,3,2459464.3834983325,2460795.4255283144,1331.042029981967,1168.0076314284172,False,3,2459472.995:nan;2459942.948:0.427;2460785.844:0.146,0.145906572133847,alcdef+raw,2460776.2343157083,0.27032088928662984,-0.05470623448491096,0.003736197014019227,False
1588,Beltwide4,CONFIRMED,2P,4.606,2.303,2,2460803.711785939,0.5175453706545272,0.3247837162613504,6898,2,2459052.0433464157,2460828.9109881585,1776.8676417428069,9258.537429836597,False,2,2459056.144:0.776;2460817.506:0.430,0.43043043510497625,alcdef+raw,2459052.0832646666,0.8211023812859506,0.12251053872672492,-0.3035570106314234,True
1887,Beltwide,CONFIRMED,2P,70.18,35.09,4,2460209.9663928635,0.28845729410395016,0.0844282789356186,10686,3,2458870.452751505,2460233.396988543,1362.9442370380275,466.0966327858743,False,2,2458883.994:0.091;2460221.227:0.273,0.2729038142986587,alcdef+raw,2460209.9620063333,0.28841841381377176,0.10527672618627548,3.888029017840022e-05,False
1948,Beltwide7,CANDIDATE,2P,10.7722,5.3861,3,2459937.0393684544,0.6739422839279275,0.28712263681025235,8990,2,2459474.216593683,2459962.396645446,488.1800517626107,1087.6442363029519,False,2,2459487.019:0.636;2459948.860:0.685,0.6852115214291881,raw,,,,,
2024,Beltwide2,CONFIRMED,2P,167.52,83.76,6,2460211.079616589,0.5461431696097386,0.4575176747407524,17731,2,2460209.484686589,2460259.3969161627,49.912229573819786,7.150749222610284,False,1,2460233.963:0.546,0.5461431696097331,raw,,,,,
2092,Koronis,CONFIRMED,2P,30.49,15.245,6,2460260.797820089,0.43375455503726945,1.003043941693145,12447,2,2460260.1842088387,2460802.0316356607,541.8474268219434,426.51158556007357,False,2,2460273.894:0.381;2460794.098:0.431,0.43081697039659417,alcdef+raw,2460260.2178750415,0.2387242491723816,13.918681137263775,0.19503030586488784,True
2116,Beltwide4,CONFIRMED,2P,3.5381,1.76905,3,2459447.751085328,0.21528905920615216,0.19580417804393987,2795,1,2459447.6986035113,2459473.159123125,25.460519613698125,172.7063878151423,False,1,2459460.732:0.215,0.21528905920615038,alcdef+raw,2459447.751012106,0.21423523634983305,0.0017573274672031403,0.0010538228563191088,False
2122,Beltwide,CONFIRMED,2P,8.9016,4.4508,4,2460208.7270987635,0.14958990345499606,0.36751312894458704,16631,2,2460208.356146366,2460259.4033769034,51.047230537515134,137.6307105352255,False,1,2460235.032:0.150,0.14958990345499765,alcdef+raw,2460208.73307305,0.16946986296596522,-0.14338288083672523,-0.01987995951096916,False
2124,Beltwide8,CANDIDATE,2P,3.1227,1.56135,3,2459361.957190772,0.3319629156578851,0.0843352220669006,3541,2,2458900.2861255286,2459389.0984828006,488.8123572720215,3756.8439409896937,False,2,2458921.432:2.129;2459374.631:0.229,0.22882212918242492,raw,,,,,
2168,Beltwide4,CANDIDATE,2P,7.353,3.6765,2,2459525.9655068032,0.30587042749245286,0.2886574161148041,2429,1,2459525.956621928,2459550.3960090894,24.439387161284685,79.7695215382609,False,1,2459540.546:0.305,0.3046664848085766,raw,,,,,
2211,Ledger-v17,CONFIRMED,2P,227.792,113.896,4,2461011.808035748,0.18592188400387022,0.30708078041756376,13028,2,2459228.758433466,2461045.3983548353,1816.6399213694967,191.39986528441702,False,2,2459241.075:0.180;2461028.803:0.298,0.29799359722633445,raw,,,,,
2300,Koronis,CONFIRMED,2P,4.286,2.143,3,2459509.67048262,0.2439412930561447,0.35386653334445556,6043,3,2459509.5084182452,2459578.3966297493,68.88821150409058,385.7482678717158,False,1,2459539.451:0.244,0.24394129305614629,alcdef+raw,2459509.58128,0.2393070838112541,2.1408628821372986,0.004634209244890608,True
2350,Beltwide2,CONFIRMED,2P,6.032,3.016,2,2459526.157235639,0.17636587040206309,0.20552037940813295,5477,2,2459525.994748639,2459577.957630356,51.962881716899574,206.74886624761103,False,1,2459551.308:0.176,0.17636587040206478,alcdef+raw,2459526.031318,0.1767761610319265,-3.00997666117549,-0.000410290629863419,True
2352,Beltwide3,CANDIDATE,2P,41.181,20.5905,2,2460585.666996716,0.2945949569294684,0.057023011748078445,9729,2,2459255.4108471745,2460609.397576901,1353.986729726661,789.094036410963,False,2,2459255.463:nan;2460596.898:0.295,0.294886715715599,raw,,,,,
2366,Ledger-v16,CANDIDATE,2P,4.204,2.102,3,2460208.9403744414,0.2729195816277704,0.09137410327059059,8609,1,2460208.7765936083,2460232.6977528217,23.921159213408828,136.5622790489562,False,1,2460220.745:0.273,0.27291958162776886,raw,,,,,
2401,Ledger-v16,CANDIDATE,2P,153.6872,76.8436,5,2459449.552252624,0.4992063768426339,0.19934936352480367,2290,1,2459447.7016025907,2459472.279088048,24.57748545706272,3.8380532078761624,False,1,2459461.562:0.499,0.49920637684262503,raw,,,,,
2451,Beltwide,CONFIRMED,2P,138.364,69.182,3,2460816.8946762695,0.33829398159248025,0.2704098527896229,10654,3,2459447.698592263,2460829.3968602107,1381.6982679478824,239.66319585115477,False,2,2459472.859:0.472;2460820.143:0.470,0.4698280614176243,alcdef+raw,2460816.9119719164,0.3269730170181312,-0.4150955267250538,0.011320964574349057,False
2465,Beltwide8,CANDIDATE,1P,16.4918,16.4918,3,2460234.9587573856,0.23045361507026002,0.518502302956417,8480,2,2459312.5432365513,2460259.3848705376,946.841633986216,1377.9089738942494,False,2,2459318.559:0.386;2460245.948:0.426,0.4258917210190092,raw,,,,,
2488,Ledger-v16,CANDIDATE,1P,44.2385,44.2385,3,2459088.4117098167,0.25725125427097273,0.11084463903385111,2662,1,2459088.251345254,2459112.598809063,24.347463808953762,13.208836904842846,False,1,2459100.285:0.257,0.25725125427097484,raw,,,,,
2514,Ledger-v16,CANDIDATE,1P,2.5337,2.5337,2,2459552.448658879,0.34601963394091184,0.3183295328187572,1867,1,2459552.2898198334,2459570.360763838,18.070944004692137,171.17364175419792,False,1,2459562.061:0.346,0.3460196339409158,raw,,,,,
2521,Beltwide4,CANDIDATE,2P,41.58,20.79,2,2458790.987807326,0.6105617797104481,0.09757106925252967,745,1,2458790.682021076,2458814.390570332,23.708549255970865,13.684588315134699,False,1,2458803.244:0.611,0.6105617797104483,raw,,,,,
2538,Beltwide5,CONFIRMED,2P,53.422,26.711,6,2459449.9000350945,0.4541212161004831,0.4540446375588036,4600,2,2459447.6986035113,2459498.8897312433,51.191127731930465,22.99777368062467,False,1,2459472.211:0.454,0.45412121610049544,alcdef+raw,2459449.900035583,0.4533349622438618,-1.1723488569259644e-05,0.0007862538566212884,False
2553,Beltwide4,CONFIRMED,1P,5.374,5.374,2,2459645.8562793904,0.18950455900001575,0.11023231015583795,1602,1,2459645.7096139737,2459664.3138801237,18.604266149923205,83.08566944513527,False,1,2459655.409:0.190,0.18950455900001614,alcdef+raw,2459645.856391375,0.1893543656967384,-0.00268762931227684,0.0001501933032773406,False
2601,Beltwide3,CANDIDATE,ambiguous,191.52,191.52,5,2460615.9364506532,0.49213292042741785,0.14587585223738803,10829,2,2459281.223740502,2460635.3972626673,1354.1735221655108,169.69593009592867,False,2,2459293.670:0.523;2460622.876:0.498,0.49773179124924194,raw,,,,,
2690,Beltwide4,CONFIRMED,1P,2.66,2.66,3,2460823.386196421,0.05719950157187442,0.8453845262953685,20130,6,2459116.0082436753,2460933.3975219238,1817.3892782484181,16397.49724735415,False,3,2459129.381:0.121;2459546.018:0.123;2460904.414:0.065,0.06495223082538921,alcdef+raw,2460823.43801075,0.07308747155892588,-1.2435438930988312,-0.015887969987051456,True
2711,Beltwide3,CONFIRMED,1P,32.44,32.44,6,2459527.049347387,0.15452034690346672,0.6941592303552373,6839,3,2459115.8971284926,2459578.3970808396,462.4999523470178,342.1701250409503,False,2,2459129.091:0.229;2459550.758:0.100,0.10008296220994957,alcdef+raw,2459525.8470403333,0.15101550362618343,-3.5846307078003874,0.003504843277283287,True
2724,Beltwide2,CONFIRMED,1P,6.898,6.898,3,2460208.5304506873,0.23148590300669147,0.05823812524917741,8468,1,2460208.359550335,2460233.3969719717,25.03742163674906,87.11193378979087,False,1,2460221.942:0.231,0.23146007684334338,alcdef+raw,2460208.5031459583,0.22133448052983884,0.6553134955465794,0.010151422476852634,True
2736,Beltwide3,CONFIRMED,1P,9.38,9.38,3,2459988.58635061,0.07189332630629866,0.5746689952973224,21186,4,2459447.698592263,2460532.3977467716,1084.6991545087658,2775.34964906294,False,3,2459472.484:0.086;2460000.854:0.109;2460519.787:0.077,0.0769982581555972,alcdef+raw,2459988.5876587504,0.09190192559794234,-0.03139536827802658,-0.020008599291643683,False
2761,Ledger-v17,CONFIRMED,1P,11.646,11.646,3,2460235.257405018,0.15879019306301517,0.4834215806522614,17369,3,2460235.1395500433,2460801.9209593786,566.7814093353227,1168.0193906961827,False,2,2460262.635:0.236;2460786.184:0.183,0.1829773657884979,raw,,,,,
2765,Ledger-v17,CONFIRMED,1P,12.332,12.332,2,2460208.62393053,0.1710377183221032,0.1703153961336056,9782,2,2459340.7093713894,2460233.396988543,892.6876171538606,1737.3096668579835,False,2,2459349.153:0.206;2460219.984:0.172,0.1723238799823503,raw,,,,,
2775,Ledger-v16,CONFIRMED,2P,8.33,4.165,2,2459453.24682492,0.18169907054028298,0.644894853972706,7081,3,2459453.1770611703,2459524.3970716055,71.22001043520868,205.19570833673566,False,1,2459486.739:0.182,0.1816990705402825,raw,,,,,
2805,Beltwide8,CANDIDATE,1P,4.3677,4.3677,2,2459500.293009812,0.07075015502943069,0.9297214494211977,4766,3,2459040.8834769432,2459550.397068646,509.5135917025618,2799.7175174259874,False,2,2459050.433:0.076;2459515.048:0.114,0.11419990239978885,raw,,,,,
2810,Beltwide3,CONFIRMED,2P,3.05,1.525,2,2460559.4680717816,0.06578857408572852,0.34045657211223174,6172,2,2460559.4439894897,2461073.3738305788,513.9298410890624,4044.038093815573,False,2,2460565.700:0.190;2461070.505:0.159,0.1586131541826683,alcdef+raw,2460559.4680712917,0.06598886690862632,1.1757016181945799e-05,-0.00020029282289779626,False
2826,Beltwide4,CANDIDATE,1P,7.181,7.181,2,2460892.87228602,0.08913091347532176,0.1994669338792035,8966,3,2459115.8971284926,2460907.401801676,1791.50467318343,5987.482545105461,False,3,2459121.923:0.093;2459494.093:0.101;2460900.061:0.058,0.057671232229495564,raw,,,,,
2828,Beltwide2,CONFIRMED,2P,3.803,1.9015,3,2459447.760259029,0.11654309665036655,0.6635500559334814,5295,3,2459447.6973528503,2459524.3970716055,76.69971875520423,484.03714176305584,False,1,2459481.522:0.117,0.11654309665036533,alcdef+raw,2459447.7604963747,0.11106205410532234,-0.00569629669189453,0.00548104254504421,False
2863,Themis,CONFIRMED,2P,10.502,5.251,3,2460775.698061231,0.3089884651273598,0.5819713530762003,13150,4,2459474.170755548,2460802.043210206,1327.8724546581507,3034.559027975206,False,3,2459499.352:0.331;2460268.504:0.529;2460789.138:0.281,0.2814537940448111,alcdef+raw,2460775.481239042,0.3218434434728803,5.203732542693615,-0.012854978345520518,True
2866,Beltwide3,CONFIRMED,2P,130.77,65.385,6,2460777.046052292,0.34368721115148865,0.48010097213639225,22474,5,2459447.69734302,2460855.3583101616,1407.6609671418555,258.3456695832724,False,2,2459473.996:0.552;2460817.950:0.314,0.3141789215203512,alcdef+raw,2459450.6069755,0.522402101648543,57.42784300759252,-0.1787148904970543,True
2869,Beltwide,CONFIRMED,2P,310.468,155.234,2,2460211.705319029,0.6909404242738157,0.11209639639434006,9307,2,2458790.682021076,2460233.396904585,1442.714883509092,111.52568768510187,False,2,2458802.371:0.536;2460221.259:0.703,0.7028127241961456,alcdef+raw,2460211.7053190833,0.6909888186513857,-1.3075768947601318e-06,-4.839437756998244e-05,False
2878,Beltwide8,CANDIDATE,2P,20.4854,10.2427,2,2459307.74698215,0.3201615714271113,0.07890589898498729,2816,1,2459307.2931998726,2459332.397133765,25.103933892212808,29.410917698121953,False,1,2459319.354:0.320,0.3201615714271143,raw,,,,,
2885,Ledger-v17,CONFIRMED,2P,76.324,38.162,3,2460236.733421524,0.44252974307247384,0.4290836849713569,14218,2,2460234.252891524,2460285.40263785,51.14974632579833,16.083982912572193,False,1,2460261.385:0.443,0.44252974307248366,raw,,,,,
2886,Beltwide6,CANDIDATE,2P,107.228,53.614,6,2460209.3384087454,0.6664899076649533,0.652657685381875,18357,3,2460208.433672495,2460802.381395621,593.9477231260389,132.93864806790143,False,2,2460229.146:0.690;2460794.526:0.796,0.7957512550326424,raw,,,,,
2909,Beltwide,CONFIRMED,2P,312.07,156.035,6,2460261.9374442967,0.5399957217743674,0.7635564699609293,15705,2,2460260.1820505466,2460802.392761606,542.2107110591605,41.69916065440399,False,2,2460273.222:0.374;2460787.771:0.496,0.4959134324779644,alcdef+raw,2460262.0999812083,0.512551656696983,-3.900885879993439,0.027444065077384394,False
2967,Ursula,CONFIRMED,2P,8.374,4.187,6,2460208.5179611277,0.5910621369109736,0.4777857679282475,20991,4,2458930.1613696693,2460259.3969312967,1329.235561627429,3809.607532727286,False,3,2458942.603:0.579;2459347.131:0.540;2460233.661:0.615,0.6146103411758759,alcdef+raw,2460208.5164948334,0.5861371796800492,0.03519106283783913,0.004924957230924454,False
3046,Ledger-v18,CANDIDATE,1P,10.1669,10.1669,3,2459485.798823607,0.18263417116251407,0.09340198460549815,1416,1,2459485.411210545,2459498.7930957973,13.38188525242731,31.589299202141795,False,1,2459492.555:0.183,0.18263417116251424,raw,,,,,
3071,Themis,CONFIRMED,2P,10.28,5.14,3,2460775.4853153597,0.33969672544494606,0.43194902102046256,3955,2,2459447.7027300876,2460782.2843376263,1334.581607538741,3115.7547257713804,False,2,2459458.542:0.383;2460778.502:0.350,0.34961219941199084,alcdef+raw,2460775.485744,0.3426844194367713,-0.010287366807460787,-0.0029876939918252465,False
3081,Ledger-v17,CANDIDATE,2P,8.0068,4.0034,6,2460154.897114457,1.0091258086826245,0.07748560815296632,8228,1,2460154.616876457,2460180.0286614923,25.411785035394132,76.17061008760793,False,1,2460166.787:1.010,1.0095810287874485,raw,,,,,
3137,Ledger-v16,CANDIDATE,1P,72.478,72.478,2,2460212.487454959,0.22403615103765506,0.10070858696690123,6362,1,2460210.6724850424,2460233.380193447,22.707708404865116,7.519316229983758,False,1,2460221.453:0.224,0.22403615103765973,raw,,,,,
3158,Beltwide4,CONFIRMED,2P,10.328,5.164,2,2459447.7851005113,0.4999050152094513,0.33020201242773534,5057,2,2459447.6986035113,2459498.8897312433,51.191127731930465,118.95691959395151,False,1,2459473.169:0.500,0.4999050152094489,alcdef+raw,2459447.7853161665,0.5002322356713862,-0.005175724625587463,-0.0003272204619348962,False
3168,Beltwide6,CONFIRMED,1P,3.237,3.237,2,2459937.2184750796,0.18918745243788088,0.22516664443102774,7648,3,2459447.7344038533,2459949.769622917,502.0352190635167,3722.225905938956,False,2,2459469.466:0.232;2459943.693:0.209,0.20925714151727193,alcdef+raw,2459937.150902625,0.18885333481237043,-1.6152610930502416,0.0003341176255104439,True
3184,Beltwide4,CONFIRMED,1P,33.46,33.46,3,2460160.9079588563,0.11317527620863074,0.03603335054075333,8625,2,2459665.2791484585,2460181.2927758656,516.013627407141,370.1233430296289,False,2,2459674.461:0.821;2460170.342:0.113,0.11316220260948805,alcdef+raw,2460160.908655917,0.11327046520477003,-0.016729451715946198,-9.51889961392921e-05,False
3208,Themis,CONFIRMED,1P,7.472,7.472,6,2460261.301538966,0.35231012776226867,1.0024487084581926,11982,3,2459449.4876856892,2460801.94621876,1352.4585330709815,4344.085223996728,False,3,2459463.879:0.374;2460272.675:1.596;2460795.131:0.101,0.100548298025586,alcdef+raw,2460261.7080876664,0.16724255999598914,-2.285168807089328,0.18506756776627953,True
3231,Ledger-v16,CANDIDATE,2P,21.506,10.753,3,2459853.4219507473,0.39455363732830795,0.0657059286640425,9066,1,2459853.3596729557,2459881.396945551,28.037272595334798,31.288688844417145,False,1,2459867.887:0.395,0.3945536373283087,raw,,,,,
3239,Ledger-v17,CANDIDATE,2P,6.4736,3.2368,5,2460208.424820832,0.8882303703873897,0.40103976501968186,8724,1,2460208.359815099,2460233.40266169,25.042846591211855,92.8429804419619,False,1,2460220.993:0.888,0.8882303703874009,raw,,,,,
3246,Beltwide8,CONFIRMED,2P,7.184,3.592,2,2459255.5311169988,0.18600847148905147,0.09801270869717876,3186,2,2459255.4175199987,2459717.3968664794,461.9793464806862,1543.3608457038515,False,2,2459267.292:0.223;2459708.137:0.232,0.231828338989203,alcdef+raw,2459255.531117,0.18605283125137206,-3.3527612686157227e-08,-4.435976232058936e-05,False
3278,Beltwide6,CONFIRMED,1P,5.621,5.621,2,2460235.3336184425,0.1885254007905535,0.4163096553895248,15820,2,2460234.3663280057,2460285.398600448,51.03227244224399,217.89264163206826,False,1,2460260.270:0.189,0.18852540079055663,alcdef+raw,2460235.3387714997,0.20819507879035049,-0.12367337197065353,-0.01966967799979699,True
3294,Ledger-v17,CANDIDATE,1P,4.3009,4.3009,2,2460261.1464745174,0.1544666445783353,0.4058437296210325,11671,2,2460260.9202095824,2460802.321226596,541.4010170134716,3021.140786422218,False,2,2460273.802:0.083;2460795.091:0.241,0.24081275002191666,raw,,,,,
3371,Beltwide3,CANDIDATE,1P,64.848,64.848,2,2459255.5709156767,0.3044471430988347,0.11955069696163236,2318,1,2459255.4595646923,2459279.9806985073,24.521133814938366,9.075179058082297,False,1,2459267.221:0.304,0.3044471430988369,raw,,,,,
3396,Beltwide6,CONFIRMED,1P,61.963,61.963,6,2459448.4809266212,0.13401517335144256,0.41145792773126816,9048,4,2459036.2861493905,2459523.779215198,487.4930658075027,188.8196759256341,False,2,2459048.324:0.064;2459485.214:0.116,0.11592691779850443,alcdef+raw,2459448.492544833,0.1317480140430511,-0.27883708477020264,0.00226715930839147,False
3405,Beltwide4,CONFIRMED,2P,13.997,6.9985,2,2460692.108755939,0.08629556670434632,0.5010472479393148,17864,3,2459255.820573902,2460717.1588190803,1461.3382451781072,2505.6882106361772,False,3,2459262.835:0.063;2460245.607:0.083;2460704.165:0.104,0.10375438686386988,alcdef+raw,2460692.39481975,0.08489862449698005,-6.865531459450722,0.0013969422073662752,True
3440,Ledger-v16,CONFIRMED,2P,158.432,79.216,4,2460214.001780411,0.2822362385092251,0.4695226058964199,18870,3,2459769.9107962837,2460259.3969161627,489.486119878944,74.1495839041018,False,2,2459781.498:0.304;2460232.939:0.405,0.40483567585986985,raw,,,,,
3469,Beltwide,CONFIRMED,2P,180.875,90.4375,3,2459259.1719757416,0.8780008538017462,0.06753948203645767,2340,1,2459255.543171054,2459279.980435426,24.437264371663332,3.2425395710845613,False,1,2459267.200:0.878,0.8780008538017389,alcdef+raw,2459262.9402048546,0.8779685753272598,-90.43749871104956,3.227847448639132e-05,True
3475,Ledger-v16,CONFIRMED,1P,12.533,12.533,2,2461113.220079029,0.22604489776133693,0.23744040419454654,5930,2,2459780.598132066,2461126.404200953,1345.8060688870028,2577.143992123839,False,2,2459787.360:0.308;2461119.559:0.284,0.28401123619911095,raw,,,,,
3477,Beltwide2,CONFIRMED,2P,8.4,4.2,2,2460232.188890498,0.14693150993187978,0.12302205825750993,8279,2,2460232.067265498,2460259.396816123,27.32955062482506,78.08443035664303,False,1,2460246.669:0.147,0.1469315099318771,alcdef+raw,2460232.1888900003,0.1469353162433833,1.1947005987167358e-05,-3.806311503512516e-06,False
3520,Beltwide3,CANDIDATE,2P,5.7934,2.8967,2,2459144.7531417045,0.12660175031579327,0.12215330290627875,2687,1,2459144.522371271,2459169.945687896,25.423316624946892,105.31977750521722,False,1,2459157.489:0.127,0.12660175031579424,raw,,,,,
3532,Beltwide6,CONFIRMED,1P,12.316,12.316,2,2460803.4117695717,0.10083554252782406,0.797865463975377,16430,4,2459036.2861493905,2460829.268261962,1792.982112571597,3493.956698742963,False,3,2459047.907:0.083;2459472.558:0.059;2460815.663:0.501,0.500960141855589,alcdef+raw,2460803.018683917,0.08461141342548933,-2.8819442842006686,0.016224129102334728,True
3545,Koronis,CONFIRMED,2P,4.832,2.416,2,2459527.0152536463,0.2108567040042095,0.35094996093685704,2866,2,2459526.8999903128,2459578.397074742,51.497084429021925,255.78022067394994,False,1,2459539.804:0.211,0.21085670400420845,alcdef+raw,2459526.9137813332,0.2086879529997997,-2.396664486795664,0.0021687510044098024,True
3594,Beltwide8,CONFIRMED,2P,4.608,2.304,2,2459937.146313776,0.22175164245802054,0.125977754700651,7258,2,2459465.3209809745,2459962.398554079,497.0775731042959,2588.9456932515413,False,2,2459467.984:0.244;2459949.487:0.242,0.24218055055449672,alcdef+raw,2459937.146314,0.22122811415856342,-5.375593900680542e-06,0.0005235282994571211,False
3630,Dora,CONFIRMED,2P,9.33,4.665,2,2459447.8817753284,0.3373477517411857,0.3050357904743988,2925,2,2459447.7015897036,2459482.563956264,34.862366560380906,89.67811333860041,False,1,2459466.809:0.337,0.33734775174118525,alcdef+raw,2459448.07595625,0.3341330978145912,-4.6603421196341515,0.0032146539265944796,True
3636,Ledger-v17,CANDIDATE,1P,2.571,2.571,2,2460213.033600479,0.13054834356117723,0.25204359655559727,13581,2,2460213.026637354,2460802.0874349275,589.0607975735329,5498.817246894122,False,2,2460223.660:0.267;2460788.940:0.299,0.29907638229528116,raw,,,,,
3650,Beltwide7,CANDIDATE,2P,12.3672,6.1836,2,2458904.335074266,0.39699745474923154,0.07179160971137104,705,1,2458904.328117716,2458926.390251505,22.0621337890625,42.814154451896954,False,1,2458915.151:0.397,0.39699745474922865,raw,,,,,
3707,Beltwide4,CONFIRMED,2P,30.59,15.295,2,2459967.3368100766,0.3062256197343478,0.05759576218829902,7473,2,2458552.6611853065,2459987.396979409,1434.7357941023074,1125.6508355166843,False,2,2458556.890:2.957;2459977.099:0.306,0.306125956527481,alcdef+raw,2459967.974101333,0.3061452781479669,-15.294990152120588,8.034158638092759e-05,True
3716,Ledger-v17,CONFIRMED,2P,10.472,5.236,4,2459447.8866472067,0.4332350003792428,0.37399830624344205,4834,2,2459447.6996783735,2459498.8901925404,51.19051416683942,117.31974216999104,False,1,2459472.246:0.433,0.4332350003792437,raw,,,,,
3741,Ledger-v18,CONFIRMED,2P,32.36,16.18,2,2460506.7609884283,0.36381597399820853,0.5485248027335472,14691,3,2459144.841820681,2461002.098420839,1857.2566001578234,1377.4461805867663,False,3,2459157.242:0.316;2460520.046:0.558;2460996.553:0.103,0.10347580886274224,raw,,,,,
3768,Beltwide5,CANDIDATE,1P,28.1551,28.1551,2,2459666.589228807,0.3013488137074633,0.17072814991629726,2033,1,2459665.647206086,2459691.396978148,25.74977206159383,21.94964782502111,False,1,2459678.789:0.301,0.30134881370746164,raw,,,,,
3774,Beltwide,CONFIRMED,2P,3.5724,1.7862,3,2460718.2334581725,0.15506911076998062,0.4950429921843582,26413,3,2459825.2625303892,2460746.397263582,921.1347331926227,6188.342177982013,False,3,2459836.158:0.205;2460247.251:0.212;2460732.293:0.171,0.17136165267010853,alcdef+raw,2460718.1588842003,0.16923980219230747,-1.7826246657013896,-0.014170691422326853,True
3810,Beltwide4,CONFIRMED,1P,3.857,3.857,2,2459526.0354858544,0.04214190392750624,0.8964180921615461,6323,3,2458570.869613439,2459578.3960402464,1007.5264268075116,6269.28551811778,False,2,2458583.112:0.026;2459552.670:0.220,0.22011680259157615,alcdef+raw,2459526.037702813,0.049186358487174314,-0.05320700258016586,-0.007044454559668074,False
3828,Beltwide9,CONFIRMED,2P,3.3204,1.6602,3,2460519.83077645,0.10266706969687694,0.3501547275241553,6933,2,2459552.6000350467,2460532.402376361,979.8023413144983,7082.055231763631,False,2,2459562.093:0.127;2460525.979:0.131,0.13133615668186296,raw,,,,,
3840,Beltwide4,CONFIRMED,2P,45.098,22.549,2,2459049.755305893,0.3397116795242797,0.06171343642493911,1335,1,2459049.175281635,2459060.397492255,11.222210620064288,5.972172931871545,False,1,2459054.783:0.340,0.3397116795242759,alcdef+raw,2459049.755306375,0.3397993074148995,-1.157820224761963e-05,-8.762789061977916e-05,False
3846,Beltwide9,CANDIDATE,1P,5.1719,5.1719,3,2460014.4952297946,0.24479328428083816,0.06332752083323685,9103,1,2460014.387725308,2460040.3967690207,26.009043712634593,120.69395175916593,False,1,2460027.043:0.245,0.24479328428083827,raw,,,,,
3852,Themis,CONFIRMED,2P,5.798,2.899,3,2460208.8762600035,0.4308787483265052,0.2606770517979325,12051,2,2460208.669207324,2460242.5728737656,33.903666441794485,140.33942645792817,False,1,2460225.649:0.431,0.43087874832651124,alcdef+raw,2460208.755468083,0.430342826331967,-2.898993908941746,0.0005359219945381688,True
3858,Beltwide6,CONFIRMED,2P,7.088,3.544,2,2459307.4835422058,0.3866802082439338,0.20982317467600256,3352,2,2458858.202995646,2459332.397133765,474.1941381189972,1605.623492502248,False,2,2458863.533:0.365;2459319.550:0.392,0.39218341184482963,alcdef+raw,2459307.4835423334,0.38663820529322623,-3.0621886253356934e-06,4.2002950707553666e-05,False
3949,Beltwide3,CONFIRMED,2P,3.622,1.811,2,2459451.990140247,0.16030950836008973,0.3330034047619385,2422,2,2459451.9302235674,2459498.8625277877,46.93230422027409,310.9815851150133,False,1,2459471.230:0.160,0.16036096065938346,alcdef+raw,2459451.9962518746,0.14833224859407612,-0.14667905867099762,0.011977259766013604,True
3993,Beltwide7,CONFIRMED,2P,34.468,17.234,3,2459475.2181820385,0.43830613036403443,0.45816349515245514,3216,2,2459474.171934622,2459524.3972815746,50.22534695267677,34.971809413492004,False,1,2459492.457:0.438,0.43830613036404414,alcdef+raw,2459474.49722675,0.4316789567936117,-17.165073075920343,0.006627173570422751,True
4001,Beltwide8,CANDIDATE,2P,5.009,2.5045,2,2460828.3713258267,0.44088820897400927,0.23339009443952655,423,1,2460828.2440137435,2460829.3992043855,1.155190641991794,5.534952167658825,False,1,2460828.782:0.441,0.44088820897401776,raw,,,,,
4018,Ledger-v18,CANDIDATE,2P,7.476,3.738,3,2459476.380830167,0.28822746529544524,0.3613802825997785,1862,1,2459476.242524167,2459498.8827728615,22.640248694457114,72.68137622618656,False,1,2459486.185:0.288,0.2882274652954383,raw,,,,,
4020,Ledger-v17,CANDIDATE,1P,50.1458,50.1458,3,2460998.7534564347,0.3423553977354282,0.11678911011600844,6031,1,2460997.7421828015,2461014.698321096,16.95613829465583,8.115282218485692,False,1,2461006.117:0.342,0.3423553977354265,raw,,,,,
4062,Beltwide6,CONFIRMED,2P,68.442,34.221,5,2459449.3085508286,0.34482753590788484,0.3944227779679086,3502,2,2459447.7015897036,2459491.355666604,43.654076900333166,15.30782042617101,False,1,2459469.000:0.345,0.34482753590788723,alcdef+raw,2459447.88125025,0.32688920126976473,-34.18678611722588,0.017938334638120113,True
4088,Beltwide4,CONFIRMED,2P,6.454,3.227,2,2460803.0636338205,0.37652873206758364,0.6457392000673949,16086,2,2460802.9789250707,2460881.38606046,78.40713538927957,291.5666639824465,False,1,2460841.899:0.377,0.37652873206758153,alcdef+raw,2460803.1995711247,0.36616464817236555,3.191504698336124,0.01036408389521809,True
4118,Beltwide10,CONFIRMED,2P,8.734,4.367,3,2460585.2940598032,0.08260881976111804,0.06524381596903416,5219,2,2458790.6822738163,2460598.2610194036,1807.5787455872633,4967.012811322913,False,2,2458803.392:0.094;2460591.175:0.094,0.09416150136956733,raw,,,,,
4164,Beltwide4,CANDIDATE,2P,109.468,54.734,2,2460535.8458937313,0.8303836201702077,0.12201300032857867,6918,1,2460534.703321481,2460558.397425889,23.694104407913983,5.1947464628013265,False,1,2460547.126:0.830,0.830383620170206,raw,,,,,
4165,Ledger-v17,CANDIDATE,1P,13.3076,13.3076,3,2460208.643723043,0.30246327521750443,0.11166772707206954,6114,1,2460208.359550335,2460228.8599558193,20.50040548434481,36.972085997796405,False,1,2460218.561:0.302,0.302463275217504,raw,,,,,
4203,Beltwide5,CANDIDATE,2P,6.7662,3.3831,3,2460015.4122012155,0.17625917748735773,0.07915518883091234,9131,2,2458603.1806521206,2460040.3364431006,1437.155790979974,5097.652889881968,False,2,2458613.765:0.140;2460027.271:0.177,0.1766147808513144,raw,,,,,
4208,Beltwide6,CANDIDATE,1P,14.2839,14.2839,2,2459963.2399443123,0.2532330178310361,0.0925519737739701,7021,1,2459962.848324606,2459983.7972832303,20.94895862415433,35.198720726111496,False,1,2459973.536:0.253,0.25324078750309087,raw,,,,,
4253,Beltwide9,CONFIRMED,1P,2.296,2.296,3,2460208.3889310495,0.18168554814979268,0.0894412677316363,3112,2,2458764.7028735755,2460215.6747348495,1450.9718612739816,15166.953253735,False,2,2458767.189:nan;2460212.054:0.177,0.17745034485296945,raw,,,,,
4260,Koronis,CONFIRMED,1P,29.24,29.24,3,2459448.5648385114,0.14979911932709833,0.3548964235260762,5285,2,2459447.6986035113,2459498.8897312433,51.191127731930465,42.0173415036365,False,1,2459474.313:0.150,0.14979911932710374,alcdef+raw,2459448.5605748333,0.14057437413925283,0.10232827439904213,0.009224745187845496,False
4303,Ledger-v17,CONFIRMED,2P,6.136,3.068,4,2459447.771571522,0.5820275775954771,0.6537007006608092,4903,2,2459447.7007518555,2459498.584807102,50.88405524659902,199.02498792672367,False,1,2459473.520:0.582,0.5820275775954834,raw,,,,,
4315,Ledger-v16,CANDIDATE,1P,7.2308,7.2308,3,2459115.9423209927,0.09995112612669342,0.08714573698108372,1411,1,2459115.8971284926,2459131.369638201,15.47250970825553,51.355345604654076,False,1,2459122.035:0.100,0.09995112612669327,raw,,,,,
4331,Beltwide4,CANDIDATE,1P,73.68,73.68,5,2459064.8416957604,0.3341471409529086,0.11208749697715155,2887,1,2459061.9113807604,2459087.0777376336,25.16635687323287,8.197510382160544,False,1,2459074.341:0.334,0.3341471409529057,raw,,,,,
4367,Ledger-v17,CONFIRMED,2P,3.226,1.613,4,2460208.6599842077,0.32148287773204925,0.3408389028174664,15579,2,2460208.635990833,2460258.535715852,49.89972501900047,371.2316802405491,False,1,2460232.891:0.321,0.3214828777320457,raw,,,,,
4482,Phocaea,MARGINAL,1P,53.1,53.1,4,2459853.505855587,0.5039152667014266,1.9035117881433947,14010,5,2458870.452751505,2460835.989277308,1965.5365258026868,888.3780907582766,False,5,2458883.745:0.289;2459322.728:0.281;2459861.927:0.328;2460270.801:0.262;2460832.939:0.286,0.2859210599259495,raw,,,,,
4516,Hoffmeister,CANDIDATE,1P,3.261,3.261,2,2459174.255320674,0.11025235408203256,0.09924959213545505,2387,1,2459174.2443147986,2459194.8001509937,20.555836195126176,151.28490300000865,False,1,2459184.469:0.110,0.11025235408203189,raw,,,,,
4523,Ledger-v16,CONFIRMED,2P,13.162,6.581,3,2460234.517110839,0.5961828402659974,0.687748306590851,15394,2,2460234.44908081,2460801.7923572916,567.3432764816098,1034.5113687554046,False,2,2460246.976:0.578;2460789.045:0.628,0.6278610898987226,raw,,,,,
4539,Ledger-v17,CONFIRMED,2P,3.64,1.82,2,2460239.0138415657,0.06799024369049751,0.3789675347816322,9679,3,2459316.522406865,2460258.5816019704,942.0591951054521,6211.379308387596,False,3,2459324.799:0.132;2459783.065:0.117;2460249.506:0.130,0.13032819683719488,raw,,,,,
4573,Ledger-v16,CONFIRMED,2P,4.238,2.119,3,2461127.1869914895,0.11236361646024473,0.10066199262383656,10567,2,2459797.237145662,2461151.165785598,1353.9286399362609,7667.363699497466,False,2,2459810.667:0.076;2461138.888:0.144,0.1440122119781878,raw,,,,,
4597,Beltwide7,CONFIRMED,1P,4.44,4.44,2,2459500.3683496895,0.0918500672149071,0.6372170595172767,3768,2,2459045.244668191,2459524.3972815746,479.15261338371783,2590.014126398474,False,2,2459052.891:0.129;2459509.046:0.098,0.09779542318005274,alcdef+raw,2459500.353657,0.09965476766799017,0.3526245430111885,-0.007804700453083069,True
4617,Beltwide5,CANDIDATE,2P,14.9178,7.4589,3,2460050.4288060004,0.41959461126095315,0.1574275102262928,9404,2,2460050.172406313,2460506.3394986195,456.1670923065394,733.8890597378264,False,2,2460057.449:0.584;2460498.382:0.017,0.017062655664800114,raw,,,,,
4645,Ledger-v16,CONFIRMED,2P,11.766,5.883,3,2459474.348179497,0.18654397737457162,0.44502078807267453,5365,2,2459474.171934622,2459523.897280195,49.72534557292238,101.42854782850051,False,1,2459499.220:0.187,0.18654397737457212,raw,,,,,
4671,Beltwide7,CANDIDATE,2P,3.833,1.9165,2,2460208.409348762,0.28730588398351586,0.09401279783230145,6751,1,2460208.359919033,2460233.3968075984,25.036888565402478,156.76632548125735,False,1,2460219.898:0.287,0.2873058839835176,raw,,,,,
4682,Ledger-v18,CONFIRMED,2P,6.456,3.228,3,2459474.295804045,0.44213326915374934,0.5183887210274976,5293,2,2459474.1719295452,2459524.3970635748,50.22513402951881,186.71053542572048,False,1,2459500.150:0.442,0.4421332691537474,raw,,,,,
4698,Beltwide6,CONFIRMED,2P,158.302,79.151,6,2460227.207958401,0.6029865663288769,0.471309475751599,19281,3,2460221.370572151,2460801.4821896325,580.111617481336,87.95011319851969,False,2,2460237.284:0.578;2460791.233:0.646,0.6459660974102488,alcdef+raw,2460227.178276625,0.6045758387552184,0.7123626284301281,-0.001589272426341437,False
4725,Beltwide6,CANDIDATE,2P,137.363,68.6815,4,2460211.064163712,0.488633401308759,0.13929453408148842,8422,1,2460208.3598296493,2460233.398047818,25.03821816854179,4.374665929289568,False,1,2460220.443:0.489,0.4886334013087593,raw,,,,,
4728,Ledger-v17,CONFIRMED,1P,2.417,2.417,4,2459447.7148457365,0.23049506088914012,0.42270798365649803,3729,2,2459447.7016025907,2459494.904260404,47.202657813206315,468.7065732382919,False,1,2459471.680:0.230,0.2304950608891388,raw,,,,,
4763,Beltwide4,CONFIRMED,2P,91.4,45.7,2,2459526.870558139,0.2560937032858842,0.2538801483142896,6128,2,2459526.0155873057,2459578.395151858,52.3795645525679,13.753933799361374,False,1,2459550.286:0.256,0.2560937032858856,alcdef+raw,2459526.8705578335,0.2554907415491675,7.331371307373047e-06,0.0006029617367167006,False
4777,Ledger-v17,CONFIRMED,2P,9.736,4.868,5,2459458.3920688718,0.5533113312829809,0.5506498965466987,4423,2,2459458.2074905382,2459498.8901925404,40.68270200211555,100.28603615969321,False,1,2459479.527:0.553,0.5533113312830071,raw,,,,,
4938,Ledger-v17,CANDIDATE,2P,4.1428,2.0714,2,2459552.2322170073,0.1767649514810421,0.22379888223716748,2863,1,2459552.1796552325,2459578.396634624,26.21697939140722,151.8797686090985,False,1,2459566.329:0.177,0.17676495148104068,raw,,,,,
4973,Ledger-v16,CANDIDATE,1P,28.5253,28.5253,4,2460097.844500417,0.16762474294619695,0.41464115819372654,4714,2,2458790.9110652492,2460111.6303970926,1320.7193318433128,1111.198268352638,False,2,2458803.369:0.152;2460104.026:0.164,0.1644695111976345,raw,,,,,
5015,Ledger-v16,CONFIRMED,1P,58.708,58.708,2,2460210.3572718333,0.11743583444083303,0.1749868757122401,5429,2,2459152.0918457196,2460217.2603369,1065.1684911805205,435.4439563318882,False,2,2459161.798:0.220;2460212.804:0.221,0.22137474567034116,raw,,,,,
5024,Ledger-v16,CANDIDATE,2P,26.0468,13.0234,3,2459585.079049254,0.13825750787317975,0.04901298133617364,1639,1,2459584.7995887953,2459603.1952019744,18.395613179076463,16.950055910815728,False,1,2459593.018:0.138,0.13825750787317911,raw,,,,,
5051,Beltwide8,CONFIRMED,1P,7.2598,7.2598,2,2460775.531795024,0.054923757368572794,0.35452197668348856,9041,3,2458790.7656082055,2460802.201052264,2011.4354440583847,6649.556552164142,False,3,2458803.220:0.096;2459268.648:0.068;2460790.102:0.053,0.05290937158178942,alcdef+raw,2460775.5319464086,0.05594782183084896,-0.0036332309246063232,-0.0010240644622761669,False
5074,Beltwide8,CONFIRMED,2P,12.662,6.331,4,2460261.232418189,0.4456203342832873,1.20919808619064,15229,2,2459859.8019810887,2460284.965591508,425.1636104192585,805.8700560782027,False,2,2459871.671:0.378;2460273.256:0.447,0.4468302042142627,alcdef+raw,2460261.136134208,0.43339004048788055,2.310815535485744,0.012230293795406744,True
5091,Hoffmeister,CONFIRMED,2P,13.914,6.957,3,2460212.983546623,0.4580918171402558,0.11043259903190258,7759,1,2460212.815998873,2460233.3968075984,20.580808725208044,35.49945446348951,False,1,2460223.468:0.458,0.45814101217267084,alcdef+raw,2460212.9835467497,0.4580824954588971,-3.039836883544922e-06,9.321681358698264e-06,False
5106,Ledger-v16,CANDIDATE,2P,16.7546,8.3773,3,2460775.5135913873,0.4534779498844141,0.25733671078802284,7455,1,2460775.297177804,2460802.1060499595,26.808872155379504,38.40216607553198,False,1,2460788.624:0.454,0.4535255628870035,raw,,,,,
5109,Beltwide10,CANDIDATE,1P,45.3887,45.3887,4,2459501.396211027,0.2486812801645245,0.19619776331839664,2496,1,2459500.875186575,2459521.4247729806,20.549586405511945,10.865921996714748,False,1,2459510.921:0.249,0.24868128016452748,raw,,,,,
5113,Beltwide5,CANDIDATE,2P,4.7572,2.3786,2,2460014.6929257303,0.13523466485712077,0.04321063847347907,9032,2,2458625.0136680217,2460040.395792773,1415.3821247513406,7140.580802579705,False,1,2460027.014:0.135,0.13523466485712055,raw,,,,,
5162,Beltwide5,CONFIRMED,2P,12.756,6.378,3,2460234.299494978,0.28451203207167464,0.41558612280866336,23898,3,2460234.115064478,2460801.705062793,567.5899983150885,1067.90216051757,False,2,2460259.969:0.338;2460789.044:0.320,0.3201524636641473,alcdef+raw,2460234.2973685,0.3072727063586548,0.05103547498583794,-0.022760674286980143,False
5167,Beltwide2,CONFIRMED,1P,2.6597,2.6597,3,2460907.781966543,0.0806259738040739,0.946619121457361,16990,4,2459453.561284228,2460933.3975219238,1479.8362376955338,13353.4119279215,False,3,2459477.440:0.083;2459943.708:0.103;2460920.536:0.089,0.08932256989125681,alcdef+raw,2460907.8957399833,0.08450786782081754,-0.07086257143616718,-0.003881894016743645,True
5185,Beltwide7,CONFIRMED,2P,204.6,102.3,2,2459992.130404777,0.36793790295193174,0.24676773613012035,13166,3,2459447.698592263,2460013.1979387105,565.4993464476429,66.33423418740679,False,2,2459472.471:0.157;2460000.704:0.296,0.29610149238534084,alcdef+raw,2459992.130405,0.3684379993645426,-5.3532421588897705e-06,-0.0005000964126108398,False
5203,Beltwide6,CONFIRMED,2P,6.934,3.467,2,2459454.5273891557,0.3192451946168132,0.5833716330825557,3715,3,2459454.316046614,2459522.681988471,68.36594185698777,236.6285844487607,False,1,2459489.917:0.319,0.31924519461681683,alcdef+raw,2459454.3822089164,0.3274437253235589,-3.4496742557883264,-0.0081985307067457,True
5218,Ledger-v18,CANDIDATE,2P,4.2588,2.1294,3,2460208.389801236,0.2937887762082764,0.3452377415642664,8282,1,2460208.3598296493,2460233.4026771663,25.042847516946495,141.12621874864183,False,1,2460220.912:0.294,0.29378877620827304,raw,,,,,
5225,Themis,CONFIRMED,2P,71.266,35.633,6,2459449.695770267,0.7343180536787388,0.7673456192634193,6857,3,2459447.6973528503,2459524.3972815746,76.69992872420698,25.829965051791422,False,1,2459483.100:0.734,0.7343180536787213,alcdef+raw,2459448.2095773746,0.7381301659960873,-35.59737058466674,-0.0038121123173484595,True
5269,Ledger-v18,CANDIDATE,2P,161.701,80.8505,2,2459449.554426549,0.5112499770317466,0.21525249814680292,1556,1,2459447.7016025907,2459472.327700464,24.62609787331894,3.655056857778583,False,1,2459458.649:0.511,0.5112499770317427,raw,,,,,
5278,Beltwide7,CONFIRMED,2P,4.996,2.498,2,2460803.1092665293,0.48229554820083165,0.9740094203205244,17670,4,2459260.2652671295,2460829.39880703,1569.1335399006493,7537.871288553959,False,4,2459270.318:0.964;2459806.036:0.904;2460274.747:0.833;2460816.722:0.405,0.40472935733839577,alcdef+raw,2460803.1611003336,0.5314447815542261,-1.244011301547289,-0.049149233353394495,True
5282,Ledger-v17,CANDIDATE,2P,79.9106,39.9553,2,2459174.877202647,0.4320376949141949,0.17843860349358728,2894,1,2459174.2445770632,2459199.910902303,25.666325239930302,7.7085118339535335,False,1,2459187.439:0.432,0.4320376949141986,raw,,,,,
5297,Beltwide6,CONFIRMED,2P,106.92,53.46,6,2459476.594275548,0.27712800875096066,0.3256167397927424,4500,2,2459474.170755548,2459518.500564055,44.32980850711465,9.950574300137967,False,1,2459496.297:0.277,0.27712800875096055,alcdef+raw,2459476.5942760003,0.27694349723421063,-1.0851770639419556e-05,0.00018451151675002997,False
5463,Beltwide3,CONFIRMED,2P,60.07,30.035,2,2460803.8878149255,0.3447590701758572,0.7136730634799981,13878,3,2458816.0988696693,2460872.1568687847,2056.0579991154373,821.4648240181538,False,2,2458827.023:0.263;2460834.800:0.333,0.33315279741682163,alcdef+raw,2460805.29570575,0.3141896315627845,26.280620209574703,0.030569438613072708,True
5465,Koronis,CONFIRMED,2P,3.218,1.609,3,2459447.847098334,0.2516233671621928,0.2732922682066985,4818,2,2459447.7641068143,2459498.7861514487,51.0220446344465,380.52488229543695,False,1,2459477.141:0.252,0.25162336716219136,alcdef+raw,2459447.846897292,0.2535411138268915,0.004825014621019363,-0.001917746664698683,False
5480,Beltwide5,CONFIRMED,2P,23.11,11.555,6,2460260.896171612,0.14815239069766056,1.250546893533329,10666,3,2459447.7023141934,2460781.747297175,1334.044982981868,1385.4210121836795,False,3,2459460.781:0.161;2460273.424:0.924;2460778.001:0.218,0.2181270702354451,alcdef+raw,2460261.367038292,0.028066177328918245,-11.300800312310457,0.12008621336874231,True
5504,Beltwide5,CONFIRMED,1P,13.952,13.952,2,2459061.9603671324,0.14811099879120426,0.16976024031848794,5586,2,2459061.862121799,2459524.396674714,462.5345529150218,795.6442997391429,False,2,2459074.384:0.180;2459511.912:0.145,0.14548848362653713,alcdef+raw,2459061.9606580003,0.14803781296960045,-0.006980828940868378,7.318582160381615e-05,False
5519,Ledger-v18,CONFIRMED,1P,26.319,26.319,2,2460998.4185469723,0.14828865158804616,0.2299055815965777,5483,2,2459665.4941360005,2461008.496932873,1343.002796872519,1224.6691411125216,False,2,2459678.430:0.240;2461002.456:0.314,0.31432139397302084,raw,,,,,
5576,Beltwide10,CONFIRMED,1P,12.094,12.094,2,2460208.889494883,0.07167183472809972,0.4265412657036167,11210,3,2458842.5361255286,2460259.403749369,1416.8676238404587,2811.7101845684642,False,2,2458855.437:0.123;2460229.487:0.052,0.05185167929802635,raw,,,,,
5600,Beltwide5,CANDIDATE,1P,3.5056,3.5056,3,2460888.5815132065,0.07003762390846699,0.13933465871932144,6740,2,2458870.452995646,2460907.397584186,2036.944588540122,13945.30754363388,False,2,2458879.403:0.021;2460898.200:0.060,0.05971860270699926,raw,,,,,
5683,Ledger-v16,CONFIRMED,1P,20.318,20.318,3,2460208.5843884884,0.2575895341977117,0.37473535702377514,14893,2,2460208.365406457,2460259.396816123,51.03140966594219,60.27925150027624,False,1,2460232.663:0.258,0.25758953419771835,raw,,,,,
5688,Ledger-v17,CANDIDATE,2P,6.0558,3.0279,2,2460208.458060786,0.1195818661836206,0.055162893071240636,2398,1,2460208.359906361,2460213.9085871913,5.548680830281228,21.99021432787567,False,1,2460211.136:0.120,0.11958186618362185,raw,,,,,
5722,Ledger-v16,CONFIRMED,2P,3.74,1.87,3,2460208.4720284445,0.2637626733309338,0.38795672919240226,6236,2,2459144.5220878078,2460218.545160116,1074.023072308395,6892.126667219647,False,2,2459156.873:0.329;2460213.035:0.325,0.3249853328491255,raw,,,,,
5768,Beltwide5,CONFIRMED,2P,8.14,4.07,4,2459307.3995286226,0.4704558537488475,0.42134626825214844,6697,3,2459307.2931998726,2460800.624172611,1493.330972738564,4402.9414429638255,False,3,2459319.780:0.700;2459817.238:0.298;2460796.929:0.754,0.7536625908986104,alcdef+raw,2459307.4000375,0.510544978908826,-0.012213058769702911,-0.04008912515997848,False
5777,Beltwide3,CANDIDATE,2P,5.112,2.556,2,2460803.4997614594,0.22186582936465687,0.3954722055823343,5164,2,2458930.1403125403,2460828.9109881585,1898.7706756182015,8914.416317456345,False,2,2458942.130:0.216;2460817.320:0.291,0.2913287632942895,raw,,,,,
5793,Beltwide6,CONFIRMED,2P,3.0396,1.5198,4,2460230.455280992,0.1576928055773712,0.11823906915525886,9291,2,2460230.437549992,2460259.396816123,28.959266130812466,228.65587154214342,False,1,2460244.270:0.158,0.1576928055773724,alcdef+raw,2460230.455281,0.15744933789216364,-1.899898052215576e-07,0.00024346768520755457,False
5805,Beltwide4,CONFIRMED,2P,5.185,2.5925,6,2460775.5380125213,0.6091538194368539,0.3089815620409822,26026,4,2459853.359972212,2460827.883670792,974.5236985799856,4510.813648200512,False,3,2459867.959:0.791;2460273.741:0.579;2460800.739:0.453,0.453260494740393,alcdef+raw,2459853.3629965833,0.633221710035013,-2.564617487934829,-0.02406789059815917,True
5809,Koronis,CONFIRMED,2P,4.182,2.091,2,2460803.14212149,0.1875109999716291,0.5821158984893804,8116,2,2459464.5501644476,2460824.4692156184,1359.9190511708148,7804.413493089323,False,2,2459467.953:0.291;2460813.427:0.212,0.2121773741827712,alcdef+raw,2459464.555478625,0.2796777504214839,-0.044571237807045694,-0.09216675044985481,True
5814,Beltwide7,CANDIDATE,2P,9.4098,4.7049,2,2459665.4491961435,0.4444351308747169,0.17752108918716983,2051,1,2459665.2791484585,2459691.396978148,26.117829689290375,66.61437145773226,False,1,2459678.276:0.444,0.4444351308747097,raw,,,,,
5816,Ledger-v18,CANDIDATE,2P,6.8984,3.4492,2,2458764.987820433,0.2576191954731773,0.1278756555687502,682,1,2458764.703117716,2458787.786186564,23.08306884765625,80.30755716452366,False,1,2458776.583:0.258,0.25761919547317846,raw,,,,,
5818,Beltwide5,CANDIDATE,2P,10.23,5.115,2,2458878.1046618177,0.395212326856801,0.23871460974813188,594,1,2458877.9322436927,2458897.390251505,19.4580078125,45.649285190615835,False,1,2458888.522:0.395,0.3952123268568012,raw,,,,,
5824,Beltwide2,CANDIDATE,ambiguous,24.1,24.1,3,2460235.5799044105,0.3661375682045512,0.36191285729922784,15304,3,2459361.779312547,2460285.4032302564,923.6239177095704,919.791453320734,False,2,2459373.438:0.397;2460256.828:0.388,0.3878379648952743,raw,,,,,
5829,Ledger-v17,CONFIRMED,1P,50.929,50.929,3,2459308.8675729698,0.25046772580430926,0.15780146990451505,3224,2,2458778.5364307044,2459332.397394104,553.860963399522,261.00381161201926,False,2,2458783.238:0.305;2459319.730:0.302,0.3016456606338671,raw,,,,,
5844,Ledger-v16,CONFIRMED,1P,148.102,148.102,2,2460210.030635715,0.3329212730983049,0.432095642642834,15404,2,2460208.682290423,2460259.3968051006,50.71451467741281,8.218311381736285,False,1,2460232.476:0.333,0.3326007014086204,raw,,,,,
5862,Ledger-v18,CANDIDATE,1P,3.1109,3.1109,2,2458899.3805808392,0.3340048820819803,0.13022211395921174,868,1,2458899.327751505,2458926.390556681,27.06280517578125,208.78437886744996,False,1,2458912.617:0.334,0.3340048820819812,raw,,,,,
5910,Ledger-v17,CANDIDATE,2P,202.124,101.062,6,2459151.634326058,0.2562683738481748,0.16398516902008195,2749,1,2459144.5220878078,2459169.945959705,25.423871897161007,3.018804919415132,False,1,2459156.936:0.256,0.2562683738481755,raw,,,,,
5914,Beltwide7,CANDIDATE,1P,99.0,99.0,2,2458901.7185561927,0.18822659932437458,0.058084493244132666,906,1,2458899.703056681,2458926.390251505,26.68719482421875,6.469622987689394,False,1,2458912.852:0.188,0.18822659932437333,raw,,,,,
5921,Ledger-v16,CONFIRMED,1P,86.243,86.243,3,2459449.9847660614,0.21562331950636654,0.2790304463066175,4302,2,2459449.354114124,2459496.695892276,47.34177815169096,13.174433584645515,False,1,2459474.746:0.216,0.2156233195063684,raw,,,,,
5950,Ledger-v17,CANDIDATE,2P,9.2234,4.6117,3,2459334.178037515,0.5180783519600065,0.16293384721885384,2860,1,2459333.9668169557,2459360.334618363,26.36780140735209,68.61105815387495,False,1,2459347.043:0.518,0.5183860373929405,raw,,,,,
5954,Ledger-v17,CANDIDATE,2P,3.1692,1.5846,2,2459313.165384693,0.10637081649339739,0.0787711048117545,2169,1,2459313.043238443,2459332.397133765,19.35389532195404,146.56490209734224,False,1,2459322.728:0.106,0.10637081649339783,raw,,,,,
5966,Ledger-v18,CANDIDATE,1P,6.6365,6.6365,2,2459447.8137317887,0.18092338812733322,0.19933391896152725,2342,1,2459447.7016025907,2459472.327700464,24.62609787331894,89.05693497470874,False,1,2459461.386:0.181,0.18092338812733422,raw,,,,,
5975,Beltwide,CONFIRMED,2P,12.262,6.131,4,2460041.4883918096,0.402420677320895,0.1250855570695785,10694,2,2459067.2238894743,2460067.3875486613,1000.1636591870338,1957.586675949177,False,2,2459073.891:0.125;2460053.911:0.543,0.5425624998019276,alcdef+raw,2460041.488392125,0.4030699132459922,-7.566064596176147e-06,-0.0006492359250971913,False
5977,Beltwide,CONFIRMED,2P,42.44,21.22,5,2460507.203614281,0.5409571460972885,0.0761414463993415,8812,1,2460506.601496781,2460532.3974847426,25.795987961348146,14.587740600196879,False,1,2460519.568:0.541,0.540957146097291,alcdef+raw,2460507.2036145,0.5409483104182691,-5.252659320831299e-06,8.835679019436604e-06,False
5990,Beltwide6,CANDIDATE,1P,8.298,8.298,2,2459307.656250965,0.053297564896043585,0.11188120889942028,2620,2,2458794.828128471,2459325.425182443,530.5970539720729,1534.6263310833633,False,1,2459316.192:0.053,0.0532975648960434,raw,,,,,
6005,Ledger-v17,CONFIRMED,2P,4.152,2.076,3,2460234.7036204026,0.17276182484320754,0.28002373705467287,15499,3,2459361.779312547,2460801.887942176,1440.108629629016,8324.327338896044,False,3,2459370.133:0.135;2460246.740:0.172;2460793.776:0.203,0.20342159320860614,raw,,,,,
6038,Ledger-v18,CONFIRMED,1P,5.226,5.226,4,2460559.591900072,0.30608207714939867,0.13766205232046835,9294,2,2458765.723747599,2460584.3791047353,1818.655357136391,8352.033787078719,False,2,2458776.908:0.311;2460571.952:0.305,0.3051157797393015,raw,,,,,
6078,Ledger-v17,CANDIDATE,2P,3.0852,1.5426,2,2459806.949405737,0.14821112616424686,0.0726348287499084,1961,1,2459806.876325062,2459823.3968433794,16.52051831735298,128.51433930262917,False,1,2459815.372:0.148,0.1482111261642476,raw,,,,,
6079,Ursula,CONFIRMED,2P,31.392,15.696,2,2460209.378321775,0.2284427155383903,0.4947900361450461,14972,4,2458842.5361255286,2460635.4017521036,1792.8656265749596,1370.6923750573085,False,4,2458846.253:0.304;2459288.590:0.324;2460221.751:0.326;2460625.383:0.285,0.28463603298014584,alcdef+raw,2460208.677234,0.2132303561412951,-14.565893406987191,0.015212359397095199,True
6101,Ledger-v16,CONFIRMED,1P,49.034,49.034,2,2460509.7603953644,0.14132762261069587,0.26888411201107343,6574,2,2459474.209642631,2460532.3977467716,1058.1881041405722,517.936829534073,False,2,2459483.497:0.166;2460520.289:0.175,0.17523469063477504,raw,,,,,
6113,Ledger-v17,CONFIRMED,1P,18.85,18.85,4,2460803.1635815487,0.17322425009205566,0.6749930551556476,14374,3,2459448.999455921,2460829.396894288,1380.3974383668974,1757.5352000427338,False,2,2459473.156:0.163;2460816.133:0.134,0.1338474350124196,raw,,,,,
6128,Ledger-v17,CANDIDATE,1P,8.3441,8.3441,3,2459116.0089046657,0.3273850222952721,0.1056078393153719,2761,1,2459115.8971284926,2459142.52930367,26.63217517733574,76.60169512063108,False,1,2459129.163:0.327,0.32738502229526856,raw,,,,,
6137,Beltwide6,CANDIDATE,2P,6.9303,3.46515,2,2459335.6537220706,0.20278457746661352,0.061180897645111386,2108,1,2459335.5286879083,2459355.403963893,19.875275984872133,68.82914500626686,False,1,2459345.698:0.203,0.20278457746661369,raw,,,,,
6162,Ledger-v16,CONFIRMED,2P,167.682,83.841,3,2460208.510999394,0.43519048898060797,0.39090181423276266,16228,2,2460208.3572908943,2460259.3969312967,51.039640402421355,7.305204909639154,False,1,2460233.532:0.435,0.4351904889806166,raw,,,,,
6277,Ledger-v16,CANDIDATE,2P,9.5824,4.7912,2,2459334.170487039,0.17355816616337943,0.09449823258890616,2401,1,2459333.9807059322,2459354.5986479796,20.617942047305405,51.6395275855036,False,1,2459344.200:0.174,0.17355816616337985,raw,,,,,
6281,Ledger-v16,CONFIRMED,1P,4.66,4.66,2,2459882.4193973294,0.11344473095112148,0.30737436424723585,17406,3,2458870.6193774818,2460802.2774412506,1931.6580637688749,9948.453547307508,False,3,2458883.513:0.070;2459895.755:0.113;2460789.105:0.133,0.13331316167382337,raw,,,,,
6286,Beltwide5,CANDIDATE,1P,13.2124,13.2124,2,2459448.2427299386,0.26938164033015305,0.22755272307575006,1537,1,2459447.7029483467,2459471.341483864,23.638535517267883,42.93881901958987,False,1,2459461.920:0.269,0.26938164033015666,raw,,,,,
6336,Beltwide9,CANDIDATE,1P,2.5932,2.5932,4,2460208.5327876927,0.3472032948472109,0.08352939732373064,8196,1,2460208.426682593,2460233.3969719717,24.97028937889263,231.09939267832144,False,1,2460221.031:0.347,0.3472032948472109,raw,,,,,
6343,Veritas,CONFIRMED,1P,14.117,14.117,5,2459474.9721677187,0.12665627137314933,0.3563846201976646,5879,3,2458599.1613077694,2459524.397272558,925.2359647885896,1572.973234747195,False,2,2458611.910:0.147;2459500.325:0.131,0.1314609098873292,alcdef+raw,2459474.9730498544,0.12235334123365738,-0.021171256899833683,0.004302930139491956,False
6389,Ledger-v18,CONFIRMED,1P,4.497,4.497,2,2459116.0029016803,0.1736055286924368,0.20016567091904805,4637,2,2459115.8971284926,2461000.8973419513,1885.0002134586684,10060.04116589016,False,2,2459129.524:0.242;2460998.410:0.274,0.2735080045958891,raw,,,,,
6462,Ledger-v18,CANDIDATE,2P,4.4298,2.2149,2,2459088.285478362,0.21260572945060285,0.10860888670671959,2737,1,2459088.2512396993,2459113.570377492,25.319137792568654,137.17533681467506,False,1,2459100.595:0.213,0.21260572945059855,raw,,,,,
6468,Ledger-v17,CANDIDATE,2P,110.4886,55.2443,6,2460779.1998521807,0.9166307126663662,0.3520715356170889,5355,1,2460775.298223493,2460800.429648361,25.13142486801371,5.458972209190169,False,1,2460788.939:0.917,0.91663071266634,raw,,,,,
6492,Ledger-v18,CANDIDATE,2P,9.5818,4.7909,3,2459448.0642267643,0.2704291552587651,0.21750073877523912,2098,1,2459447.7023141934,2459472.300146496,24.597832302562892,61.61138567508291,False,1,2459461.155:0.270,0.2704291552587671,raw,,,,,
6544,Ledger-v18,CANDIDATE,2P,20.003,10.0015,5,2460209.2997032204,0.5879808050403574,0.13026926155440396,8450,1,2460209.202188595,2460233.396988543,24.194799948018044,29.029405526792637,False,1,2460221.079:0.588,0.5880660230227849,raw,,,,,
6603,Ledger-v18,CONFIRMED,2P,223.394,111.697,2,2460882.976563753,0.40878556018714884,0.29759329869375056,8570,2,2458930.181633341,2460907.392702896,1977.2110695550218,212.41871164543596,False,2,2458942.079:0.588;2460894.539:0.537,0.5366347400498663,raw,,,,,
6614,Ledger-v18,CANDIDATE,2P,120.4324,60.2162,3,2460235.9964685957,0.4979678535115334,0.32521204898475364,7793,1,2460234.46906459,2460259.4033769034,24.93431231332943,4.968957651926776,False,1,2460246.954:0.498,0.4979678535115321,raw,,,,,
6640,Ledger-v17,CONFIRMED,1P,2.772,2.772,2,2459307.4013188086,0.34386229720007383,0.21699297019302483,3614,2,2458790.8489425504,2459332.397394104,541.5484515535645,4688.731182281944,False,2,2458802.028:0.198;2459319.691:0.291,0.2913037005948602,raw,,,,,
6658,Beltwide6,CONFIRMED,2P,5.33,2.665,3,2460208.9257395403,0.36144209278986994,0.2523098375389502,16451,3,2459706.133340367,2460259.396790585,553.2634502178989,2491.2425525759054,False,2,2459713.219:0.420;2460235.317:0.391,0.39077508778477976,alcdef+raw,2460208.925628458,0.36066681774246034,0.002665970474481583,0.000775275047409596,False
6678,Ledger-v16,CONFIRMED,1P,6.715,6.715,2,2460285.9665780137,0.03236489262413075,0.28545112662319816,14739,5,2458870.452751505,2461227.2654358153,2356.8126843101345,8423.455610341509,False,5,2458883.473:0.104;2459347.563:0.021;2460298.962:0.096;2460780.717:0.080;2461226.842:0.297,0.2968011217384549,raw,,,,,
6710,Ledger-v18,CANDIDATE,2P,3.701,1.8505,2,2460208.5514050866,0.15363782032064488,0.13118133853208408,9048,1,2460208.359919033,2460233.172276689,24.812357656192034,160.9015357332096,False,1,2460221.038:0.154,0.15363782032064488,raw,,,,,
6740,Ledger-v16,CANDIDATE,ambiguous,189.62,189.62,3,2460156.7795729716,0.6021473379639954,0.6270021739164703,9591,2,2459692.9597322145,2460181.250700731,488.29096851637587,61.802464109234364,False,2,2459705.433:0.464;2460167.532:0.228,0.22756554212296587,raw,,,,,
6769,Ledger-v17,CANDIDATE,2P,10.972,5.486,3,2459522.690467496,0.619814223290002,0.051316762907449326,242,1,2459522.591719496,2459524.3972815746,1.805562078487128,3.9494613455788437,False,1,2459523.449:0.620,0.6198142232899994,raw,,,,,
6782,Hoffmeister,CONFIRMED,1P,3.927,3.927,3,2460208.8937329696,0.18926294159694404,0.5161171616765128,11114,2,2460208.756369782,2460259.281067298,50.52469751564786,308.78348367088074,False,1,2460231.237:0.188,0.18819652086249714,alcdef+raw,2460208.893772625,0.1749250107386215,-0.0009517259895801545,0.01433793085832255,False
6808,Beltwide3,CONFIRMED,2P,7.996,3.998,2,2459448.1176371975,0.09854654073014509,0.4006817367856477,2339,2,2459447.7007518555,2459498.8417062457,51.14095439016819,153.49961297699306,False,1,2459464.423:0.099,0.09854654073014547,alcdef+raw,2459448.1203265004,0.0998410812051136,-0.06454326957464218,-0.0012945404749685196,False
6862,Ledger-v16,CANDIDATE,1P,9.7094,9.7094,2,2461178.67619994,0.06762399663572319,0.20351121215141685,11966,2,2460786.441266402,2461204.397317095,417.9560506930575,1033.1168987407439,False,2,2460794.484:0.281;2461191.227:0.030,0.030259839195168538,raw,,,,,
6873,Ledger-v16,CANDIDATE,2P,5.313,2.6565,6,2460775.4079356934,0.7870912933432572,0.09936426147974678,6547,1,2460775.298133693,2460802.1938992,26.89576550666243,121.49414119328031,False,1,2460788.578:0.787,0.7870912933432709,raw,,,,,
6900,Ledger-v18,CANDIDATE,2P,57.4344,28.7172,4,2459476.1282113213,0.7932676832797944,0.19293914739554055,2574,1,2459474.216593683,2459498.8069844963,24.59039081307128,10.27553834485449,False,1,2459487.203:0.793,0.7932676832797988,raw,,,,,
6914,Ledger-v16,CANDIDATE,2P,92.2278,46.1139,4,2460777.17161216,0.41811542842271254,0.12092924504610325,8359,1,2460775.298234972,2460801.19352441,25.89528943784535,6.73860751864718,False,1,2460789.321:0.418,0.41799163286138497,raw,,,,,
6967,Ledger-v17,CANDIDATE,2P,5.3236,2.6618,2,2459447.7632028684,0.20025273199853943,0.1079021616423755,765,1,2459447.7023141934,2459453.2997567095,5.597442516125739,25.234544366033838,False,1,2459450.520:0.200,0.20025273199855073,raw,,,,,
6978,Cameron,CONFIRMED,2P,4.634,2.317,4,2460778.9996876456,0.18210136296219656,0.2413340655967816,6330,2,2459344.862683715,2460802.02725094,1457.164567225147,7546.816921321434,False,2,2459353.042:0.458;2460792.506:0.473,0.4732936005752634,alcdef+raw,2460779.0958435,0.17584641231724052,-2.30774050578475,0.006254950644956042,True
7031,Baptistina,CANDIDATE,1P,2.948,2.948,2,2459937.0178686627,0.14201233832204113,0.11214744464655813,6602,1,2459936.9082399127,2459962.396932731,25.48869281820953,207.50631873711964,False,1,2459949.328:0.142,0.14201233832204177,raw,,,,,
7046,Ledger-v16,CANDIDATE,1P,5.0076,5.0076,2,2459617.5863681203,0.3218610355154499,0.14416496932501474,1696,1,2459617.4111021203,2459635.9871534524,18.576051332056522,89.02972121762052,False,1,2459627.301:0.322,0.32186103551544476,raw,,,,,
7056,Agnia,CONFIRMED,2P,61.906,30.953,2,2460777.1211231416,0.5844089511903912,0.2478629222073045,8236,2,2458917.328117716,2460801.258320414,1883.9302026978694,730.370640402366,False,2,2458921.859:0.582;2460789.964:0.779,0.7793485776890421,alcdef+raw,2460777.1211234997,0.584449740196048,-8.594244718551636e-06,-4.07890056568494e-05,False
7068,Beltwide4,CONFIRMED,2P,144.992,72.496,5,2459643.415997144,0.47291802567229485,0.15881832868929283,3350,2,2459101.0154839945,2459664.3135936414,563.2981096468866,93.24069349705692,False,2,2459107.505:0.529;2459653.420:0.500,0.499941158049094,alcdef+raw,2459646.4366639997,0.4726562828497666,72.49599545952677,0.00026174282252827696,True
7113,Ledger-v16,CONFIRMED,2P,16.074,8.037,3,2460747.67043137,0.36741003782551807,0.6279231941900834,21001,3,2459857.302137896,2460767.3976346026,910.0954967066646,1358.8585243847174,False,3,2459870.178:0.394;2460273.171:0.195;2460757.243:0.383,0.38324523663482346,raw,,,,,
7129,Ledger-v18,CANDIDATE,2P,12.182,6.091,4,2459797.277994107,0.8115039379897,0.12102983441485828,1896,1,2459797.1117605655,2459817.6953719435,20.58361137798056,40.552181338986486,False,1,2459807.422:0.812,0.8115039379897159,raw,,,,,
7176,Ledger-v17,CONFIRMED,2P,3.286,1.643,2,2460014.783248404,0.12038323894691186,0.42538924117215254,11096,2,2459503.5281275264,2460040.3967690207,536.8686414943077,3921.1343261909265,False,2,2459514.316:0.241;2460027.359:0.196,0.19639568446996303,raw,,,,,
7215,Ledger-v16,CONFIRMED,2P,6.088,3.044,2,2460014.513572394,0.18516757488601965,0.11361325905070425,8669,2,2459579.8135139314,2460034.361911607,454.54839767562225,1791.9122115990365,False,2,2459587.635:0.239;2460024.579:0.161,0.16111375709255138,raw,,,,,
7231,Veritas,CANDIDATE,ambiguous,16.996,16.996,2,2460069.261074223,0.2692782520269001,0.2945182308489807,6910,2,2459645.515289745,2460084.8970618634,439.3817721186206,620.4496664419213,False,2,2459655.263:0.032;2460076.746:0.658,0.6578732722686088,raw,,,,,
7245,Ledger-v17,CANDIDATE,2P,79.5344,39.7672,6,2460209.1269906657,0.5852808138149693,0.269879261048206,8682,1,2460208.359815099,2460233.060090107,24.700275008101016,7.453461649228816,False,1,2460220.920:0.585,0.5852808138149713,raw,,,,,
7251,Ledger-v18,CANDIDATE,2P,4.7866,2.3933,3,2459500.2230045814,0.4477057079660928,0.2546531187640263,2494,1,2459500.1952821896,2459524.3972815746,24.20199938490987,121.3487622190776,False,1,2459513.105:0.448,0.447705707966088,raw,,,,,
7252,Ledger-v17,CONFIRMED,1P,9.065,9.065,4,2460803.2202568003,0.3274797516009764,1.0578172959549748,9841,2,2460802.9755018004,2460870.328183041,67.35268124053255,178.3192884470801,False,1,2460834.368:0.327,0.32747975160096965,raw,,,,,
7386,Ledger-v17,CANDIDATE,1P,4.5166,4.5166,3,2459449.626837972,0.15851863743776723,0.13488700873300363,1264,1,2459449.5638878597,2459471.4112165216,21.847328661940992,116.09083998728774,False,1,2459464.964:0.159,0.158518637437771,raw,,,,,
7389,Ledger-v17,CONFIRMED,2P,157.344,78.672,6,2460217.3581220745,0.5131878829300813,0.26337310560478666,13122,2,2460215.1225260743,2460259.4037348544,44.28120878012851,6.754302742545532,False,1,2460237.648:0.513,0.5131878829300749,raw,,,,,
7392,Ledger-v17,CONFIRMED,1P,3.166,3.166,2,2460234.1420666575,0.16105927755065652,0.7833617563115992,13786,3,2458842.5363696693,2460259.3969312967,1416.860561627429,10740.57279818645,False,3,2458855.460:0.189;2459347.916:0.188;2460246.680:0.201,0.20114336995525697,raw,,,,,
7463,Beltwide6,CANDIDATE,1P,12.6112,12.6112,3,2460224.043305934,0.12630742054301825,0.07197576767399355,3004,1,2460224.019659934,2460233.403932938,9.384273003786802,17.858931116062173,False,1,2460228.744:0.126,0.12630742054301708,raw,,,,,
7466,Ledger-v18,CANDIDATE,1P,4.8808,4.8808,3,2460882.579672316,0.3367018826948391,0.16032078793649435,8060,1,2460882.339739506,2460907.397332372,25.057592866010964,123.21386428131927,False,1,2460894.707:0.337,0.3371673653954502,raw,,,,,
7472,Ledger-v16,CONFIRMED,2P,4.372,2.186,2,2460882.6091434886,0.08085951488345325,0.21150227503495758,12657,3,2459061.862503656,2460907.334834454,1845.4723307979293,10130.680681415897,False,3,2459074.365:0.109;2459482.432:0.123;2460894.064:0.105,0.10455971537603019,raw,,,,,
7498,Ledger-v17,CANDIDATE,2P,7.2358,3.6179,4,2459853.455146436,0.516713982359816,0.13494977781345147,8461,1,2459853.359573578,2459881.025877672,27.666304093785584,91.76473897162083,False,1,2459867.618:0.517,0.5167139823598218,raw,,,,,
7588,Beltwide5,CANDIDATE,1P,17.7,17.7,4,2458870.686414396,0.07208086587833282,0.35866993138680286,909,2,2458870.452995646,2459332.39646251,461.9434668640606,626.3640228665229,False,2,2458876.967:0.246;2459330.651:0.032,0.031914335192435785,raw,,,,,
7605,Beltwide3,CONFIRMED,2P,11.9368,5.9684,2,2459288.732996724,0.09240066071192624,0.11526992955844036,2857,2,2458842.5361255286,2459305.8756225933,463.33949706470594,931.5853436057354,False,2,2458858.021:0.179;2459297.081:0.029,0.02925044117800304,alcdef+raw,2459288.7352349833,0.08901923701575878,-0.05371822044253349,0.0033814236961674515,False
7607,Hoffmeister,CONFIRMED,2P,38.774,19.387,3,2460209.0182565693,0.56759033837396,0.1034055951844133,8576,1,2460208.359906361,2460233.396791612,25.036885250825435,15.497117811415135,False,1,2460220.257:0.568,0.5675903383739667,alcdef+raw,2460209.0182562084,0.5675999950546402,8.66129994392395e-06,-9.656680680203422e-06,False
7612,Veritas,CONFIRMED,2P,26.0486,13.0243,2,2460775.871140682,0.30887216058727285,0.19550731761372,8608,1,2460775.740355003,2460802.200414569,26.460059565957636,24.37910020434815,False,1,2460790.089:0.310,0.30979544492394195,alcdef+raw,2460776.4138198458,0.30852559337541474,-13.024299927055836,0.00034656721185810646,True
7628,Ledger-v16,CONFIRMED,2P,10.82,5.41,3,2460882.79843594,0.35900211749028205,0.31138890953873577,12213,3,2459447.700743604,2460907.397332372,1459.696588768158,3237.774318894251,False,2,2459468.752:0.206;2460894.683:0.733,0.7330312605441903,raw,,,,,
7631,Ledger-v18,CANDIDATE,2P,102.6636,51.3318,3,2459454.0268240236,0.530290884647812,0.16309614399160585,1646,1,2459449.8347270237,2459471.1681639343,21.33343691052869,4.987186167762367,False,1,2459463.821:0.530,0.5302908846478213,raw,,,,,
7773,Ledger-v17,CANDIDATE,2P,3.2268,1.6134,3,2459067.103199374,0.3971356035086125,0.1153120302438849,2224,1,2459067.0848469487,2459087.0988397896,20.01399284088984,148.8582583926355,False,1,2459077.033:0.397,0.3971356035086102,raw,,,,,
7878,Ledger-v17,CONFIRMED,2P,4.01,2.005,3,2459174.2527947286,0.20196618428402463,0.18639521719368496,3607,2,2459174.243939312,2459691.3968578097,517.1529184975661,3095.1795620801963,False,2,2459183.716:0.219;2459680.513:0.203,0.20340342774975476,raw,,,,,
7883,Ledger-v16,CONFIRMED,2P,190.536,95.268,2,2459479.939074094,0.21682344107946272,0.1460338211515022,2949,2,2458906.9322436927,2459498.841656678,591.9094129852019,74.55717508315934,False,2,2458917.166:0.377;2459487.524:0.310,0.3096510691065132,raw,,,,,
7887,Beltwide2,CONFIRMED,2P,111.712,55.856,6,2459855.5053749112,0.2985891635936193,1.0136285431704117,19237,3,2459361.779312547,2460285.3973375424,923.6180249955505,198.42839265157917,False,3,2459373.482:0.310;2459867.770:0.316;2460272.452:0.842,0.8418798769174899,alcdef+raw,2459855.4867566666,0.3329680438530388,0.44683787226676946,-0.034378880259419486,False
7911,Ledger-v17,CONFIRMED,1P,3.559,3.559,3,2461206.5084165535,0.34543662524156427,0.3666260401819318,12335,2,2459853.3596729557,2461232.3762629204,1379.01658996474,9299.353233816733,False,2,2459861.433:0.083;2461218.051:0.190,0.18998125979363234,raw,,,,,
8049,Koronis,CONFIRMED,2P,3.214,1.607,2,2460208.490944225,0.256974518205945,0.24186516159675417,9490,1,2460208.4215084333,2460233.396904585,24.975396151654422,186.49953566885694,False,1,2460221.205:0.257,0.25699967367741067,alcdef+raw,2460208.4239854584,0.2570320814612503,-1.6069896056652067,-5.756325530525963e-05,True
8105,Ledger-v17,CONFIRMED,1P,16.696,16.696,5,2459448.951665169,0.3405258040754894,0.40526926290972903,4322,2,2459448.757226336,2459498.8000401463,50.042813810519874,71.93504620582635,False,1,2459475.589:0.341,0.34052580407549193,raw,,,,,
8168,Ledger-v17,CONFIRMED,1P,3.516,3.516,3,2460218.250210214,0.23661524565781517,0.23617759612515085,10521,2,2460218.2284231926,2460259.3551488845,41.12672569183633,280.72850301594764,False,1,2460243.664:0.237,0.2368877016021726,raw,,,,,
8214,Ledger-v17,CONFIRMED,2P,158.262,79.131,6,2459829.1890012133,0.6013268909257892,0.3430903152793593,10411,2,2459334.05680725,2459852.403536928,518.3467296781018,78.60586566752882,False,2,2459340.951:0.674;2459839.252:0.694,0.6935316049487018,raw,,,,,
8265,Beltwide6,CONFIRMED,2P,89.552,44.776,4,2460188.6652313536,0.6404109832080116,0.4144259495490056,12592,4,2459174.2445770632,2460217.8641262455,1043.6195491822436,279.6907850229347,False,3,2459179.896:0.630;2459646.644:1.707;2460203.033:0.622,0.6223261744922358,alcdef+raw,2460188.6633653333,0.6411829181409433,0.044784486293792725,-0.000771934932931706,False
8286,Ledger-v16,CONFIRMED,2P,3.87,1.935,2,2459855.061061121,0.2700038660865315,0.39528067831279634,5719,3,2458795.8281270373,2459869.704986274,1073.8768592365086,6659.701452629511,False,3,2458805.893:0.289;2459300.272:0.360;2459861.532:0.354,0.354191844979569,raw,,,,,
8294,Beltwide10,CANDIDATE,2P,3.2408,1.6204,2,2459307.75128724,0.15988915540554555,0.1494564780165947,2771,1,2459307.737378807,2459332.397394104,24.6600152971223,182.62168820381856,False,1,2459319.940:0.160,0.15988915540554668,raw,,,,,
8333,Ledger-v17,CONFIRMED,2P,92.12,46.06,2,2460242.2991433013,0.2742140837014034,0.2516558135996106,6125,2,2458842.5361255286,2460259.382939562,1416.8468140335754,369.13073748160883,False,2,2458854.277:0.381;2460250.226:0.420,0.42028722170809796,raw,,,,,
8377,Ledger-v18,CANDIDATE,1P,45.0459,45.0459,3,2459062.0943023497,0.3894937692513634,0.09673877359868409,2922,1,2459061.862503656,2459087.0988397896,25.23633613344282,13.445664693182456,False,1,2459074.406:0.389,0.3894937692513698,raw,,,,,
8378,Ledger-v18,CONFIRMED,2P,11.794,5.897,2,2459448.8748241104,0.19349467185054536,0.4323154256802807,4557,2,2459448.4069954436,2459498.0771822473,49.67018680367619,101.0755030768381,False,1,2459473.320:0.193,0.19349467185054656,raw,,,,,
8450,Padua,CONFIRMED,2P,5.306,2.653,2,2460228.7535187695,0.4699136911445183,0.22838336570458934,9334,3,2458842.5361255286,2460259.3529500356,1416.8168245069683,6408.519372063181,False,2,2458852.560:0.349;2460243.020:0.567,0.5667816178617443,alcdef+raw,2460228.753519083,0.4700002708046886,-7.521361112594605e-06,-8.657966017028285e-05,False
8464,Ledger-v18,CONFIRMED,2P,15.862,7.931,2,2460863.535312023,0.3982344144959352,0.18306436977529641,7831,2,2459447.7023141934,2460881.323561176,1433.6212469828315,2169.14070909015,False,2,2459460.929:0.570;2460871.692:0.322,0.32184286821902797,raw,,,,,
8472,Ledger-v18,CONFIRMED,1P,13.631,13.631,3,2460209.0431816927,0.25314329808302144,0.3351603707134973,16194,2,2460208.786464526,2460259.3968051006,50.610340574756265,89.1092490495305,False,1,2460233.072:0.253,0.25314329808301844,raw,,,,,
8508,Ledger-v16,CONFIRMED,2P,275.67,137.835,6,2459535.6496335473,0.625300801877376,0.42653417052051534,5509,2,2459529.510232922,2459578.3960402464,48.88580732420087,4.256028497046544,False,1,2459553.494:0.625,0.6253008018773696,raw,,,,,
8513,Ledger-v17,CANDIDATE,1P,107.5444,107.5444,6,2460209.6949806428,0.2824307844380679,0.2466555999085353,9334,2,2458842.5363696693,2460233.403932938,1390.8675632686354,310.3910712082382,False,2,2458850.024:0.460;2460221.536:0.398,0.39788756528969454,raw,,,,,
8530,Ledger-v16,CANDIDATE,1P,3.8208,3.8208,2,2459088.3225443466,0.22498739696434045,0.04294558483287647,2803,1,2459088.2516207467,2459113.4665923095,25.214971562847495,158.38549976662998,False,1,2459101.051:0.225,0.22498739696433867,raw,,,,,
8593,Ledger-v17,CONFIRMED,1P,4.003,4.003,2,2460208.3880491653,0.23628148030071325,0.33076820688827424,17330,2,2460208.358193457,2460259.3968051006,51.038611643482,306.00216823471595,False,1,2460234.752:0.236,0.23628148030071122,raw,,,,,
8602,Beltwide9,CONFIRMED,2P,10.518,5.259,3,2459884.0998265767,0.07563557042950969,0.336377609049342,9593,2,2458879.328117716,2459909.39692157,1030.068803853821,2350.413699609403,False,2,2458889.191:0.387;2459896.566:0.379,0.37920926615821027,raw,,,,,
8707,Ledger-v18,CANDIDATE,1P,2.6372,2.6372,2,2459474.2293181303,0.18477668490454616,0.15395235591943618,2497,1,2459474.1749256607,2459496.987566678,22.812641017138958,207.60783573916842,False,1,2459485.958:0.185,0.18477668490454044,raw,,,,,
8835,Ledger-v18,CONFIRMED,2P,3.166,1.583,4,2460210.960667681,0.365594539000823,0.09807085881022064,7796,2,2458899.327751505,2460233.396791612,1334.0690401066095,10112.968086720983,False,2,2458909.001:0.355;2460221.200:0.350,0.3502215004923565,raw,,,,,
8850,Ledger-v18,CANDIDATE,2P,12.8086,6.4043,4,2459072.210211594,0.6125521043114205,0.13133227789502538,1723,1,2459071.883592294,2459087.098570426,15.214978131931275,28.508929560322798,False,1,2459079.520:0.613,0.6125521043114213,raw,,,,,
8925,Ledger-v17,CANDIDATE,2P,82.3742,41.1871,3,2460781.185513425,0.8757277265455503,0.19730026623779756,5319,1,2460780.5505456333,2460801.881420523,21.330874889623374,6.214822084475005,False,1,2460793.646:0.876,0.8757277265455565,raw,,,,,
8984,Ledger-v18,CANDIDATE,1P,21.1211,21.1211,3,2459036.654945688,0.1143623758905361,0.0890094255853839,2578,1,2459036.285766461,2459059.8415571647,23.555790703743696,26.766549890386806,False,1,2459048.323:0.114,0.1143623758905337,raw,,,,,
9020,Ledger-v17,CANDIDATE,2P,3.9564,1.9782,2,2459130.2794090277,0.2153064023717039,0.052728212222513934,1485,1,2459130.2168484526,2459142.5084706005,12.291622147895396,74.56246374216194,False,1,2459136.228:0.215,0.21530640237170323,raw,,,,,
9092,Beltwide10,CONFIRMED,2P,14.452,7.226,2,2459552.4360523834,0.05082026343014291,0.23950352633557137,5492,2,2459144.522371271,2459578.3970808396,433.8747095684521,720.522628677197,False,2,2459157.591:0.118;2459567.051:0.135,0.13510553995013,raw,,,,,
9141,Ledger-v18,CANDIDATE,2P,7.7226,3.8613,3,2458900.1958913347,0.3047923615305612,0.0667693704881589,922,1,2458899.9110034583,2458926.3898852943,26.4788818359375,82.29005309902107,False,1,2458912.798:0.305,0.30479236153056344,raw,,,,,
9146,Ledger-v16,CANDIDATE,1P,4.4736,4.4736,2,2460891.8443606296,0.11883649300757791,0.36954449793166955,5214,2,2458899.327751505,2460907.397584186,2008.069832680747,10772.906827686409,False,2,2458907.694:0.175;2460899.921:0.150,0.14996111169691168,raw,,,,,
9149,Ledger-v18,CONFIRMED,2P,9.868,4.934,2,2460566.3178589493,0.1443755921918939,0.22201461545897122,7730,2,2459154.480652999,2460584.3791047353,1429.8984517361969,3477.6614148427975,False,2,2459163.289:0.132;2460575.146:0.205,0.20544694856355514,raw,,,,,
9171,Beltwide10,CONFIRMED,2P,14.026,7.013,2,2460154.928273493,0.292865486043766,0.05980299481193315,10305,2,2459640.410858006,2460180.000473038,539.5896150316112,923.2960759132088,False,2,2459651.477:nan;2460167.369:0.293,0.2926606730273322,raw,,,,,
9174,Ledger-v17,CANDIDATE,1P,5.9014,5.9014,2,2459447.770865087,0.21338596459811277,0.2153984931150065,1769,1,2459447.7015897036,2459472.2929627183,24.59137301472947,100.00897284602082,False,1,2459463.826:0.213,0.21338596459811382,raw,,,,,
9214,Beltwide6,CONFIRMED,2P,4.782,2.391,2,2460563.5893582674,0.18490713685083043,0.05431847621240989,12422,3,2459474.193750387,2460584.3791047353,1110.185354348272,5571.821100869622,False,2,2459511.473:nan;2460573.973:0.184,0.18384970441031176,alcdef+raw,2460563.589259,0.18612953140618665,0.0023824162781238556,-0.001222394555356221,False
9255,Ledger-v17,CANDIDATE,2P,18.1512,9.0756,5,2460073.0553436824,0.6600522568619196,0.1770803277923412,7396,1,2460072.3553880323,2460095.2093252153,22.853937183041126,30.218084335635496,False,1,2460083.016:0.660,0.6600522568619259,raw,,,,,
9403,Ledger-v18,CANDIDATE,1P,4.3203,4.3203,3,2459088.39184501,0.17993528381349994,0.13075782802039915,2814,1,2459088.251345254,2459113.605743771,25.35439851693809,140.84798842823744,False,1,2459100.709:0.180,0.17993528381349813,raw,,,,,
9447,Ledger-v18,CANDIDATE,1P,68.9546,68.9546,3,2460883.3102719453,0.3645618228081804,0.1050622980366412,7823,1,2460882.3394577755,2460907.3605476497,25.021089874207973,8.708717866262605,False,1,2460894.399:0.365,0.3645618228081764,raw,,,,,
9449,Ledger-v17,CANDIDATE,2P,193.1862,96.5931,6,2459313.7085915976,0.35493054843235183,0.20358342335853644,2855,1,2459307.2931998726,2459332.397133765,25.103933892212808,3.118723870613467,False,1,2459319.719:0.355,0.35493054843235,raw,,,,,
9494,Ledger-v17,CANDIDATE,2P,3.162,1.581,2,2459461.2842949275,0.20547164798185935,0.14085087427191467,1538,1,2459461.2578790523,2459472.327700464,11.06982141174376,84.02141488989571,False,1,2459466.555:0.205,0.20547164798185646,raw,,,,,
9543,Ledger-v18,CANDIDATE,2P,4.6308,2.3154,3,2458790.8893276667,0.5870536752117128,0.07317569817810103,565,1,2458790.765357292,2458811.22393742,20.45858012838289,106.03047488148688,False,1,2458801.052:0.587,0.5870536752117022,raw,,,,,
9594,Beltwide6,CANDIDATE,1P,2.8866,2.8866,2,2459447.8123985967,0.2841427764504266,0.13075886277070706,875,1,2459447.7029483467,2459461.529251209,13.82630286226049,114.95575025782989,False,1,2459452.798:0.284,0.2841427764504228,raw,,,,,
9609,Ledger-v17,CANDIDATE,2P,8.079,4.0395,2,2459228.786474235,0.3063649270343949,0.13658210461468917,2764,1,2459228.7581538735,2459254.001509665,25.24335579155013,74.98954561173451,False,1,2459241.228:0.306,0.3063649270343933,raw,,,,,
9859,Ledger-v18,CANDIDATE,1P,7.3324,7.3324,2,2459474.293186835,0.19037923641858473,0.20445611748783918,2532,1,2459474.2022249484,2459497.9111811654,23.708956216927618,77.60282434213393,False,1,2459486.240:0.190,0.1903792364185844,raw,,,,,
9891,Ledger-v16,CANDIDATE,1P,9.6034,9.6034,3,2459647.597990377,0.15210347326466025,0.06566104732446394,1421,1,2459647.5217633895,2459664.3134992686,16.791735879145563,41.96447727882765,False,1,2459657.005:0.152,0.15210347326466067,raw,,,,,
9947,Ledger-v18,CANDIDATE,2P,4.9532,2.4766,2,2458842.6621746942,0.42658362810753647,0.05590584172974172,860,1,2458842.6398852943,2458868.8068164466,26.16693115234375,126.78800526048816,False,1,2458855.539:0.427,0.4265836281075433,raw,,,,,
9955,Ledger-v17,CONFIRMED,1P,2.312,2.312,2,2460856.5434056697,0.21760965747936867,0.20722007599121867,5917,2,2458842.5361255286,2460874.6267360607,2032.09061053209,21094.366199295055,False,2,2458851.380:0.264;2460864.866:0.339,0.3389419203133461,raw,,,,,
10017,Beltwide7,CONFIRMED,1P,12.05,12.05,4,2460184.8112963173,0.0798054567314748,0.07236566693493844,8067,2,2460184.3619897645,2461232.0244125254,1047.6624227608554,2086.6305515568906,False,2,2460195.264:0.096;2461230.456:0.130,0.1296619732288568,alcdef+raw,2460184.811045458,0.07912823000324753,0.006020620465278626,0.0006772267282272593,False
10031,Beltwide10,CANDIDATE,2P,5.0034,2.5017,2,2458791.0086037484,0.23588989920580078,0.12199600093794734,464,1,2458790.994531686,2458808.6614497467,17.66691806074232,84.74358105644475,False,1,2458799.591:0.236,0.23588989920579573,raw,,,,,
10112,Ledger-v17,CONFIRMED,2P,5.872,2.936,2,2460559.5103776203,0.1057883499636346,0.08319486915608065,9240,2,2458766.078117716,2460584.3784272703,1818.300309554208,7431.745134417744,False,2,2458781.653:0.113;2460572.161:0.106,0.10575512359406142,raw,,,,,
10158,Ledger-v18,CANDIDATE,2P,93.4034,46.7017,4,2459036.9549693405,0.22405027975316147,0.1509960859932655,2645,1,2459036.306983253,2459060.397492255,24.09050900209695,6.190055351842939,False,1,2459048.063:0.224,0.22405027975316072,raw,,,,,
10164,Beltwide5,CANDIDATE,2P,3.3126,1.6563,2,2459780.5192586,0.387934475451579,0.08886573660922024,1078,1,2459780.501367044,2459791.119252681,10.6178856366314,76.92726416686396,False,1,2459786.067:0.388,0.38793447545158777,raw,,,,,
10226,Beltwide7,CONFIRMED,2P,10.12,5.06,2,2460594.601803708,0.33739144169270724,0.2551175840066989,5380,3,2458599.9321631114,2460609.397576901,2009.4654137897305,4765.530625588294,False,3,2458604.040:0.301;2459575.550:0.177;2460602.571:0.269,0.26908192114599516,alcdef+raw,2460594.3905488336,0.3389005933418169,-5.049883018136024,-0.0015091516491096413,True
10292,Baptistina,CONFIRMED,1P,2.419,2.419,2,2460559.858402714,0.1511319960893121,0.08495106670780986,7678,2,2459506.876104272,2460575.712410313,1068.8363060411066,10604.411469609986,False,2,2459511.305:nan;2460567.723:0.150,0.15037587548490222,alcdef+raw,2460559.858402271,0.15092642826383945,1.0639429092407227e-05,0.0002055678254726523,False
10363,Ledger-v17,CANDIDATE,2P,51.802,25.901,3,2459480.0016115056,0.7702200901155496,0.17939664839296404,2381,2,2459479.6087796725,2459521.577555168,41.96877549542114,19.444241764605756,False,1,2459490.184:0.770,0.7702200901155629,raw,,,,,
10451,Beltwide10,CONFIRMED,2P,10.178,5.089,2,2460610.8193392362,0.27577482171947326,0.13203969167898735,13366,2,2460126.6493259505,2460635.3972626673,508.7479367167689,1199.6414306545935,False,2,2460135.980:0.231;2460622.648:0.306,0.30563464255218353,raw,,,,,
10505,Ledger-v17,CANDIDATE,2P,133.3104,66.6552,5,2460722.9684431236,0.4458441181310668,0.19584102018505004,9339,1,2460718.184542574,2460745.4158107094,27.2312681353651,4.902471489461905,False,1,2460731.602:0.446,0.44584411813106484,raw,,,,,
10561,Ledger-v18,CANDIDATE,2P,118.9676,59.4838,3,2459088.254099238,0.6844340076334456,0.06364797002042959,1467,1,2459088.2516207467,2459100.9529843014,12.701363554690033,2.5623171797410453,True,1,2459094.168:0.685,0.685108938680812,raw,,,,,
10594,Ledger-v16,CANDIDATE,2P,70.3216,35.1608,5,2460889.598351674,0.42664202356586783,0.06977850567695945,6458,1,2460888.001230711,2460907.397172103,19.39594139205292,6.619624601961133,False,1,2460897.747:0.427,0.4266420235658701,raw,,,,,
10667,Hungaria,CONFIRMED,Sq,20.2932,20.2932,5,2461063.428643681,0.33851426183482924,0.5082792754757997,16092,4,2458784.5364917396,2461100.088606129,2315.552114389371,2738.5158942574317,False,3,2458785.494:0.455;2460496.210:0.463;2461081.868:0.323,0.3234078004981184,raw,,,,,
10707,Ledger-v16,CANDIDATE,2P,94.2856,47.1428,2,2460257.2885062275,0.49446753983866326,0.25593710934197306,8185,2,2460256.367257344,2460285.3978941445,29.030636800453067,7.389625597237262,False,1,2460271.925:0.501,0.5007032127996622,raw,,,,,
10708,Koronis,CANDIDATE,2P,3.098,1.549,2,2459501.1063743643,0.11790093426731921,0.22990214512769097,2525,1,2459501.082752114,2459524.396674714,23.313922599889338,180.61140813342288,False,1,2459513.577:0.118,0.11783169217305803,raw,,,,,
10710,Ledger-v17,CANDIDATE,1P,4.2803,4.2803,3,2459088.3879581625,0.2697060731859499,0.09877623507989226,2238,1,2459088.251345254,2459109.0016148873,20.750269633252174,116.34849688060467,False,1,2459098.527:0.270,0.2697060731859481,raw,,,,,
10735,Ledger-v17,CONFIRMED,2P,102.428,51.214,6,2460776.5497977906,0.531492674570017,0.5948737050371954,12898,3,2459280.9251276194,2460800.608350883,1519.6832232633606,356.0783902675114,False,3,2459293.538:0.816;2460255.875:0.775;2460788.665:0.748,0.7476522678905079,raw,,,,,
10778,Ledger-v18,CANDIDATE,2P,7.1908,3.5954,3,2460248.8862715815,0.7405602827888649,0.19786042518564087,4079,1,2460248.796985815,2460259.3991309693,10.602145154494792,35.38569890803179,False,1,2460254.080:0.741,0.7405602827888434,raw,,,,,
10798,Ledger-v18,CANDIDATE,2P,3.2888,1.6444,2,2459037.7105490575,0.1016645724402429,0.10280030851702991,2612,1,2459037.709795374,2459060.397492255,22.687696881126612,165.56334381751358,False,1,2459048.431:0.102,0.10166457244024274,raw,,,,,
10885,Ledger-v16,CANDIDATE,2P,3.2006,1.6003,3,2460775.3577327426,0.28716429859511994,0.1284849295675006,7431,1,2460775.297177804,2460800.5087960907,25.211618286557496,189.05168995731424,False,1,2460788.637:0.287,0.28716429859512366,raw,,,,,
10932,Ledger-v17,CONFIRMED,2P,3.9,1.95,3,2460776.232600559,0.4081403350335436,0.3609033676346162,12006,2,2460208.412837455,2460802.378648615,593.9658111599274,3655.17422252263,False,2,2460217.186:0.452;2460787.695:0.334,0.33421527697044895,raw,,,,,
11022,Ledger-v16,CONFIRMED,2P,16.078,8.039,3,2459448.0099860234,0.29641003040043445,0.36078213092270506,4672,2,2459447.7007518555,2459497.6681241067,49.96737225120887,74.58744458446405,False,1,2459473.659:0.296,0.2964100304004359,raw,,,,,
11055,Ledger-v16,CONFIRMED,2P,46.418,23.209,2,2460775.4379779752,0.487870887280465,0.13518505116921165,8688,2,2459280.952624965,2460802.071407874,1521.1187829091214,786.4804771816733,False,2,2459289.502:0.341;2460788.257:0.408,0.4084736308144793,raw,,,,,
11119,Ledger-v17,CONFIRMED,2P,9.256,4.628,2,2460208.7057193373,0.36612007422018006,0.26362196706217556,11597,2,2459228.7581538735,2460233.396904585,1004.6387507114559,2604.940580928581,False,2,2459241.354:0.266;2460220.687:0.435,0.4354843952904554,raw,,,,,
11182,Ledger-v18,CANDIDATE,2P,6.264,3.132,2,2458900.067244181,0.1792894227521621,0.12264068565664549,729,1,2458899.890556681,2458922.557060587,22.66650390625,86.844842552682,False,1,2458910.419:0.179,0.1792894227521616,raw,,,,,
11186,Ledger-v17,CANDIDATE,2P,3.8478,1.9239,2,2459639.0933965943,0.054376905322345674,0.2533357980828502,3759,2,2459130.2164624142,2459664.3138801237,534.0974177094176,3331.3420720999075,False,2,2459135.486:0.099;2459651.226:0.049,0.048534977121212214,raw,,,,,
11226,Ledger-v18,CONFIRMED,1P,16.279,16.279,3,2460775.622458389,0.2907698885765828,0.28696474089951435,7828,2,2458519.1615437246,2460802.3948672935,2283.233323568944,3366.15269768749,False,2,2458528.961:0.141;2460789.932:0.495,0.49534770762855895,raw,,,,,
11285,Ledger-v18,CANDIDATE,2P,3.6496,1.8248,3,2459456.35537595,0.29835205655247743,0.11451229136096022,1178,1,2459456.34876105,2459471.3970514685,15.048290418460965,98.95850779347413,False,1,2459467.105:0.298,0.2983520565524821,raw,,,,,
11327,Ledger-v18,CONFIRMED,2P,3.33,1.665,2,2459447.708956341,0.14499009494531637,0.34644029396676446,3604,2,2459447.7016025907,2459493.1959440424,45.4943414516747,327.8871455976555,False,1,2459471.217:0.145,0.14499009494531592,raw,,,,,
11541,Ledger-v18,CANDIDATE,2P,3.1162,1.5581,2,2460208.835263067,0.37414735929355,0.17497208246252627,8532,1,2460208.8057890087,2460233.1515314737,24.345742464996874,187.50331145623676,False,1,2460220.832:0.374,0.37414735929355014,raw,,,,,
11576,Ledger-v16,CONFIRMED,2P,3.314,1.657,2,2459882.370126538,0.11968385673239434,0.6183788740102316,11226,3,2458843.7236255286,2460897.698494361,2053.974868832156,14874.893437529192,False,3,2458855.929:0.089;2459891.003:0.096;2460889.578:0.124,0.12411552468557735,raw,,,,,
11861,Beltwide4,CANDIDATE,2P,4.897,2.4485,4,2460775.332514714,0.9631977287720475,0.08482869795972652,2703,1,2460775.298133693,2460788.751954952,13.453821258619428,65.93663675860041,False,1,2460778.611:0.963,0.9631977287720488,raw,,,,,
11872,Ledger-v18,CONFIRMED,2P,3.408,1.704,2,2460184.4181507644,0.16239658130583148,0.291097804245781,13637,2,2460184.3619897645,2460233.398032341,49.036042576655746,345.3242434975757,False,1,2460210.461:0.162,0.16239658130583084,raw,,,,,
11930,Ledger-v18,CANDIDATE,1P,10.9329,10.9329,2,2459665.4802682647,0.2827377082754165,0.14885604172021946,2099,1,2459665.2791484585,2459691.396978148,26.117829689290375,57.334093657032355,False,1,2459678.383:0.283,0.2827377082754224,raw,,,,,
11933,Ledger-v16,CANDIDATE,1P,14.1399,14.1399,2,2459071.9650895973,0.26630469873503937,0.10176196198639177,1648,1,2459071.709982235,2459087.098570426,15.388588191010058,26.11942917448082,False,1,2459079.682:0.266,0.2663046987350414,raw,,,,,
12011,Ledger-v18,CANDIDATE,1P,4.6647,4.6647,2,2459104.7447518758,0.23524896710192783,0.1002830047701969,1094,1,2459104.5709918006,2459113.5013134936,8.930321692954749,45.946731972241295,False,1,2459108.931:0.235,0.2352489671019191,raw,,,,,
12064,Ledger-v16,CANDIDATE,1P,8.1155,8.1155,2,2461046.195777053,0.2305729904124133,0.5803387077878605,12077,2,2460592.4022771376,2461073.3150287736,480.9127516360022,1422.2051677979239,False,2,2460599.886:0.264;2461060.264:0.108,0.10795330745334877,raw,,,,,
12077,Ledger-v18,CANDIDATE,2P,3.2742,1.6371,2,2459061.926105124,0.1770651028467073,0.09124566591565035,2309,1,2459061.862121799,2459082.154041662,20.2919198628515,148.7404791119773,False,1,2459071.985:0.177,0.17706510284670454,raw,,,,,
12209,Beltwide8,CANDIDATE,2P,18.2064,9.1032,3,2460208.508225333,0.48013290723719504,0.11287788764338273,7776,1,2460208.359919033,2460233.3968075984,25.036888565402478,33.00407140179605,False,1,2460220.937:0.480,0.48013290723719537,raw,,,,,
12262,Ledger-v18,CANDIDATE,1P,25.1628,25.1628,2,2459448.1603699937,0.3355067500890597,0.1263110332528169,2145,1,2459447.7027215688,2459471.2653715713,23.562650002539158,22.47379465166594,False,1,2459461.595:0.336,0.3355067500890608,raw,,,,,
12315,Padua,CONFIRMED,2P,5.562,2.781,3,2460882.5653656404,0.15502620448027332,0.21241032551314187,7528,2,2459447.7016025907,2460907.376499731,1459.6748971403576,6298.489308049008,False,2,2459456.923:0.234;2460895.739:0.196,0.19614158444171692,alcdef+raw,2460882.4482163754,0.15326183817365746,-2.7504176395833495,0.001764366306615861,True
12335,Ledger-v17,CANDIDATE,2P,3.4612,1.7306,2,2459144.767736468,0.29270118810021983,0.16255636963805883,1864,1,2459144.7165395515,2459163.0015637586,18.28502420708537,126.78856493991937,False,1,2459152.998:0.293,0.2927011881002254,raw,,,,,
12537,Baptistina,CANDIDATE,1P,11.0125,11.0125,2,2460775.320030545,0.10138421551650464,0.16930749268466302,9951,2,2459771.452764644,2460802.3439433095,1030.8911786656827,2246.6640897140874,False,2,2459783.285:0.488;2460789.780:0.064,0.06438799403281503,raw,,,,,
12745,Ledger-v17,CANDIDATE,1P,10.9262,10.9262,2,2459447.924659155,0.3294946132052401,0.15907651372241585,2167,1,2459447.7029483467,2459471.3623165274,23.659368180669844,51.9691051176142,False,1,2459461.421:0.329,0.3294946132052407,raw,,,,,
12821,Ledger-v18,CANDIDATE,1P,3.5119,3.5119,2,2459943.3388499212,0.2429690811150439,0.1266699890645868,4883,1,2459943.2023979733,2459962.396932731,19.194534757640213,131.17367640973978,False,1,2459952.935:0.243,0.2429690811150463,raw,,,,,
12975,Ledger-v16,CANDIDATE,2P,3.6668,1.8334,3,2460718.235909789,0.15833141568490816,0.5559176475202909,14745,2,2460220.829869506,2460746.353283448,525.5234139421955,3439.6645398201954,False,2,2460227.286:0.192;2460732.007:0.148,0.1475220834628404,raw,,,,,
13073,Ledger-v16,CANDIDATE,2P,5.6828,2.8414,2,2459910.342628286,0.13447509063454052,0.17475184027980803,4253,2,2459307.2929220586,2459918.396980017,611.1040579583496,2580.8575686282097,False,2,2459314.665:0.221;2459914.298:0.135,0.13482338936769467,raw,,,,,
13081,Beltwide5,CANDIDATE,1P,2.719,2.719,3,2460698.260037571,0.11992408316243601,0.44163765741403505,14073,4,2459693.132688753,2460717.394922654,1024.2622339013033,9040.931818179948,False,3,2459704.348:0.145;2460204.190:0.157;2460707.418:0.033,0.032653411216680486,raw,,,,,
13163,Beltwide9,CANDIDATE,2P,7.2636,3.6318,2,2460780.720113768,0.41375062702282467,0.15612138719883048,4260,1,2460780.623871068,2460802.1523620794,21.528491011355072,71.13329261970947,False,1,2460792.810:0.414,0.41375062702282506,raw,,,,,
13370,Ledger-v18,CANDIDATE,1P,2.9896,2.9896,2,2459500.289301608,0.29110303146108407,0.2285178286699433,2908,1,2459500.2855646084,2459524.3972815746,24.11171696614474,193.5647602312931,False,1,2459512.183:0.291,0.2911030314610794,raw,,,,,
13382,Koronis,CONFIRMED,2P,3.736,1.868,2,2459447.7148568467,0.20046919153663476,0.1654003045460924,955,1,2459447.7029483467,2459462.4945097165,14.791561369784176,95.02073685086194,False,1,2459453.774:0.200,0.20046919153663498,alcdef+raw,2459447.7926898333,0.1992178317208197,-1.867991678416729,0.0012513598158150618,True
13388,Beltwide4,CONFIRMED,2P,305.594,152.797,2,2460719.1888950686,0.657458046602304,0.16191935889673809,12720,3,2458790.703107418,2460746.200106311,1955.496998893097,153.57607797742864,False,3,2458802.734:0.243;2459293.632:0.654;2460731.910:0.675,0.6745356146510157,alcdef+raw,2460719.1888948334,0.6574096547356458,5.6438148021698e-06,4.8391866658170635e-05,False
13501,Ledger-v18,CANDIDATE,2P,6.4496,3.2248,2,2460559.6667698636,0.060573281059952314,0.17115067545907775,9642,2,2459228.7581538735,2460581.4346974962,1352.6765436227433,5033.5272027638675,False,2,2459237.330:0.252;2460570.570:0.091,0.09113937756317106,raw,,,,,
13632,Ledger-v17,CANDIDATE,2P,3.3666,1.6833,3,2459061.9369046413,0.18667015201060427,0.10223375107541752,2920,1,2459061.862769304,2459087.098570426,25.235801122151315,179.90234269934993,False,1,2459074.190:0.187,0.18667015201060488,raw,,,,,
13749,Ledger-v18,CONFIRMED,2P,4.054,2.027,2,2459962.9805363524,0.41759411074510755,0.19991157211562602,8258,2,2459459.883276214,2459983.896817923,524.013541709166,3102.2015296053237,False,2,2459466.814:0.201;2459973.437:0.340,0.34007550678497156,raw,,,,,
13786,Ledger-v17,CONFIRMED,2P,3.846,1.923,2,2460663.25159663,0.16027072732191824,0.2364788202305123,10055,3,2458764.703117716,2460688.3972507627,1923.6941330465488,12004.331563473002,False,3,2458769.820:0.168;2459246.418:0.190;2460676.026:0.175,0.17478244737500717,raw,,,,,
13808,Ledger-v17,CONFIRMED,2P,7.57,3.785,2,2460028.6039079255,0.11901849880815149,0.16765503602179835,4176,2,2459576.271542243,2460040.1906107683,463.91906852507964,1470.8134272921943,False,2,2459577.318:0.211;2460034.058:0.185,0.18453596941237546,raw,,,,,
13927,Ledger-v18,CANDIDATE,2P,99.3698,49.6849,2,2458766.5121015115,0.8423452780941034,0.1065716145768147,343,1,2458765.661247599,2458780.9114917396,15.250244140625,3.683270564849683,False,1,2458771.674:0.842,0.8423452780941036,raw,,,,,
13947,Ledger-v18,CANDIDATE,2P,4.0028,2.0014,2,2459447.7373776156,0.22433173524066316,0.33233522687787115,1840,1,2459447.7016025907,2459472.327700464,24.62609787331894,147.6532299789284,False,1,2459459.870:0.224,0.22433173524066283,raw,,,,,
14039,Ursula,CONFIRMED,2P,5.282,2.641,2,2460014.750468251,0.2572933084938337,0.12158511698409324,8748,1,2460014.623551936,2460040.297502202,25.673950266093016,116.65558621473541,False,1,2460027.585:0.257,0.2573744563650617,alcdef+raw,2460014.750468625,0.2572905381157244,-8.985400199890138e-06,2.7703781093069146e-06,False
14179,Ledger-v18,CANDIDATE,2P,141.8074,70.9037,6,2459312.4684707834,0.5993654098244171,0.18742969826034997,2828,1,2459307.348479124,2459332.397394104,25.04891498014331,4.239369451265867,False,1,2459319.689:0.599,0.5993654098244128,raw,,,,,
14302,Ledger-v18,CANDIDATE,2P,5.8624,2.9312,3,2459860.8297506375,0.40787694891920856,0.11368085421231841,6271,1,2459860.7975074374,2459881.3966395147,20.599132077302784,84.33050795839021,False,1,2459872.354:0.408,0.4078769489191986,raw,,,,,
14338,Ledger-v17,CANDIDATE,1P,9.1962,9.1962,2,2460292.691947364,0.0385949039837461,0.2793073424311894,6045,2,2458930.140556681,2460312.248584182,1382.1080275010318,3606.989045477998,False,2,2458942.100:0.100;2460302.006:0.081,0.08106070713437875,raw,,,,,
14720,Beltwide,CONFIRMED,2P,108.08,54.04,2,2458792.8348671496,0.6533239923206637,0.09905078368902812,715,1,2458790.6822738163,2458814.3903045147,23.708030698355287,5.264551598450471,False,1,2458802.414:0.653,0.6533239923206626,alcdef+raw,2458792.834867333,0.6532129032817117,-4.403293132781982e-06,0.00011108903895207245,False
14858,Ledger-v18,CANDIDATE,2P,5.5232,2.7616,6,2459853.5669080224,0.698341159719675,0.10760801394964802,8813,1,2459853.3596729557,2459881.396945551,28.037272595334798,121.83055878621725,False,1,2459867.767:0.698,0.6982374307012273,raw,,,,,
14912,Ledger-v17,CANDIDATE,1P,67.3758,67.3758,3,2459263.460605937,0.24654624472519482,0.1100491714615384,1578,1,2459261.1122785746,2459279.980054572,18.867775997612625,6.720909049580161,False,1,2459270.540:0.247,0.24654624472519712,raw,,,,,
14927,Ledger-v16,CONFIRMED,2P,86.196,43.098,4,2459457.235613742,0.7354874565614307,0.3166317158665237,5375,3,2458930.1197436927,2459498.8897312433,568.7699875505641,158.36558194363474,False,2,2458941.682:0.621;2459475.481:0.752,0.7520521756957188,raw,,,,,
14945,Ledger-v17,CONFIRMED,1P,11.495,11.495,2,2460211.391526443,0.03239126434023289,0.21433225547217422,10254,3,2459158.93209215,2460233.3969719717,1074.4648798215203,2243.336852171943,False,3,2459164.342:0.086;2459672.801:0.110;2460222.729:0.039,0.03947866850296823,raw,,,,,
15070,Ledger-v16,CONFIRMED,2P,19.174,9.587,3,2459449.0052498225,0.47326307522566075,0.35930337367878784,4310,2,2459448.6113839056,2459498.8417062457,50.230322340037674,62.87304350479317,False,1,2459474.466:0.473,0.47326307522566124,raw,,,,,
15142,Ledger-v18,CANDIDATE,1P,6.2852,6.2852,2,2459116.0727212676,0.23722073304627853,0.14248396572428768,2655,1,2459115.8971284926,2459142.52930367,26.63217517733574,101.69480752498852,False,1,2459129.299:0.237,0.23722073304629165,raw,,,,,
15286,Ledger-v16,CONFIRMED,1P,118.76,118.76,3,2460775.379781193,0.20886260359137232,0.29215561186253436,5761,2,2459698.0151406587,2460802.293434337,1104.2782936780713,223.16166258229802,False,2,2459705.774:0.252;2460784.128:0.249,0.24917086872188202,raw,,,,,
15315,Phocaea,CONFIRMED,2P,12.942,6.471,3,2460889.621058407,0.6131128162852376,0.10369709115422951,5902,2,2458348.181410633,2460907.396599717,2559.215189083945,4745.878885644775,False,2,2458350.378:0.622;2460898.613:0.624,0.624430612745186,alcdef+raw,2460889.351433875,0.6129929653133709,6.470988761633635,0.00011985097186673066,True
15427,Beltwide3,CONFIRMED,1P,39.45,39.45,6,2460225.237572071,0.40199311522227255,0.7418555056212166,7092,4,2459797.1120543284,2460779.9463671637,982.8343128352426,597.9220154130753,False,3,2459809.382:0.123;2460251.360:0.055;2460777.585:0.122,0.12236444339675732,alcdef+raw,2460225.2375725,0.3975056947354982,-1.029297709465027e-05,0.004487420486774363,False
15446,Ledger-v17,CANDIDATE,1P,3.4814,3.4814,3,2459447.836900527,0.3867699278931168,0.08994855184863286,1816,1,2459447.7027215688,2459470.654267724,22.951546155381948,158.22287232985775,False,1,2459462.135:0.387,0.3867699278931171,raw,,,,,
15524,Ledger-v16,CANDIDATE,1P,10.8,10.8,2,2460014.7102040267,0.18199502405584483,0.08647599782570962,8855,1,2460014.612264193,2460040.1398326033,25.527568410150707,56.727929800334906,False,1,2460026.813:0.182,0.18199502405584417,raw,,,,,
15706,Ledger-v17,CANDIDATE,1P,52.2997,52.2997,5,2459474.2927688113,0.35037088139720296,0.26399373280564326,2530,1,2459474.172915332,2459498.88971761,24.716802278067917,11.342383506475754,False,1,2459486.827:0.350,0.3503708813972059,raw,,,,,
15877,Ledger-v17,CONFIRMED,1P,2.763,2.763,2,2460933.683425703,0.229198543515175,0.14351921526170544,5188,2,2459639.813617269,2460942.8970629824,1303.0834457133897,11318.857291755829,False,2,2459651.652:0.229;2460939.065:0.273,0.2734444452289212,raw,,,,,
15991,Beltwide8,CONFIRMED,2P,61.02,30.51,2,2460760.5198299196,0.2735731975431107,0.3319670591367205,9959,3,2460216.5346639985,2460774.103350643,557.5686866445467,219.29938511093283,False,2,2460235.944:0.441;2460766.363:0.477,0.47729291399781004,alcdef+raw,2460759.2600212498,0.2745816187694884,30.235408075153828,-0.001008421226377676,True
16019,Ledger-v17,CONFIRMED,1P,6.489,6.489,3,2459239.9356226525,0.21413950281020339,0.235429908270082,1861,2,2458770.3488696693,2459254.064008636,483.7151389666833,1789.052756233688,False,2,2458783.077:0.277;2459247.504:0.200,0.20043922062043612,raw,,,,,
16125,Ledger-v18,CANDIDATE,2P,3.5796,1.7898,2,2458790.762394543,0.12176497823683326,0.09730369323905379,725,1,2458790.703107418,2458814.3903045147,23.687197096645832,158.81459669222818,False,1,2458802.983:0.122,0.12176497823683329,raw,,,,,
16147,Ledger-v17,CANDIDATE,1P,26.7898,26.7898,4,2460775.803791168,0.21060174589655117,0.1722611170597537,6026,1,2460775.298133693,2460800.3467136165,25.048579923342913,22.44010474733779,False,1,2460789.421:0.211,0.21064368605478379,raw,,,,,
16405,Ledger-v16,CANDIDATE,1P,100.2192,100.2192,3,2459452.3318171212,0.3087650653106535,0.17824335211639059,1612,1,2459448.341840221,2459471.3623165274,23.020476306322962,5.512830189741598,False,1,2459460.900:0.309,0.3086614150122867,raw,,,,,
16513,Beltwide9,CONFIRMED,1P,12.52,12.52,3,2460208.616219963,0.07494576859080772,0.1679647268532819,16143,3,2459255.383447038,2460710.397546853,1455.014099814929,2789.164408590919,False,3,2459266.955:0.040;2460218.724:0.134;2460700.957:0.048,0.04810443672200683,raw,,,,,
16549,Dora,CANDIDATE,2P,10.217,5.1085,3,2459281.521126088,0.7395541077750978,0.11617796173322001,2393,1,2459281.4734725263,2459302.3001816324,20.82670910609886,48.9224839528602,False,1,2459291.620:0.740,0.7395541077750901,raw,,,,,
16555,Ledger-v16,CANDIDATE,2P,40.4204,20.2102,2,2459150.739562985,0.21823182781070197,0.10489498268368053,2098,1,2459149.848630002,2459169.945959705,20.09732970315963,11.932982179192464,False,1,2459160.199:0.218,0.21823182781070263,raw,,,,,
16650,Ledger-v16,CONFIRMED,1P,2.323,2.323,2,2459454.6727351365,0.10181790704969519,0.35268852347760266,2072,2,2459454.6724931574,2459498.2584054377,43.58591228025034,450.30645489711935,False,1,2459484.427:0.102,0.10210912984656355,raw,,,,,
16785,Beltwide5,CANDIDATE,1P,139.885,139.885,3,2461106.2873177202,0.1887259378270994,0.2502203214877895,11625,2,2459333.9247677918,2461126.3970398945,1792.472272102721,307.5335777993731,False,2,2459347.206:0.092;2461112.884:0.299,0.2994223917277557,raw,,,,,
16791,Ledger-v18,CONFIRMED,2P,42.486,21.243,3,2460909.0942974235,0.2480222268350763,0.4141942923612177,10641,3,2459097.8970635235,2460932.5364240985,1834.6393605750054,1036.373032382435,False,3,2459106.076:0.202;2459572.167:0.414;2460919.604:0.254,0.25372709066759574,raw,,,,,
16818,Ledger-v18,CANDIDATE,1P,25.8975,25.8975,2,2459770.1050275336,0.3581967123852282,0.1903139105448539,1761,1,2459769.9107962837,2459796.126334504,26.215538220480084,24.294735680722926,False,1,2459782.286:0.358,0.35819671238524325,raw,,,,,
17019,Ledger-v16,CANDIDATE,2P,4.1396,2.0698,2,2460882.719092103,0.18175145444096952,0.08270793076977369,7807,1,2460882.7096917615,2460907.396919174,24.68722741259262,143.12819062281935,False,1,2460894.583:0.182,0.18175145444097363,raw,,,,,
17051,Ledger-v18,CANDIDATE,2P,5.5492,2.7746,3,2459447.805765699,0.5120066300541968,0.25099313000822304,2132,1,2459447.7016025907,2459472.327700464,24.62609787331894,106.50658634751939,False,1,2459460.839:0.512,0.5120066300541941,raw,,,,,
17141,Ledger-v17,CANDIDATE,2P,3.674,1.837,2,2461017.3259693454,0.2520135140237154,0.2357714727139233,11456,2,2459526.777963317,2461045.3986880253,1518.6207247083075,9920.222480402663,False,2,2459538.806:0.342;2461031.497:0.379,0.37850682028476623,raw,,,,,
17219,Ledger-v17,CONFIRMED,2P,21.578,10.789,2,2460989.0941077177,0.08566452645092046,0.23800692194702786,6818,3,2459118.2168764146,2460999.297024664,1881.080148249399,2092.2200184440435,False,3,2459130.602:0.017;2459570.321:0.497;2460995.854:0.155,0.15476156290591603,raw,,,,,
17410,Ledger-v17,CONFIRMED,2P,3.498,1.749,2,2459447.7043363075,0.34195780188038594,0.3808720714315862,4891,2,2459447.6996723074,2459498.6054494446,50.905777137260884,349.2677676655978,False,1,2459472.190:0.342,0.34195780188037783,raw,,,,,
17482,Ledger-v18,CANDIDATE,1P,4.5117,4.5117,3,2459447.87919749,0.1982578911679052,0.1046307305311582,822,1,2459447.7023012526,2459459.9110548613,12.208753608632833,64.9444968874677,False,1,2459451.541:0.198,0.19776179764916554,raw,,,,,
17569,Beltwide10,CANDIDATE,2P,89.1748,44.5874,3,2461101.496591612,0.6524311179863218,0.15464617383179238,8716,1,2461100.734433083,2461126.3970398945,25.66260681161657,6.906688475654531,False,1,2461113.417:0.652,0.6524311179863352,raw,,,,,
17662,Ledger-v18,CANDIDATE,2P,16.3918,8.1959,2,2460261.910504709,0.4454364972312237,0.20324048696414737,7680,1,2460261.892746926,2460285.3971320433,23.504385117441416,34.413868081516,False,1,2460273.508:0.445,0.4454849838450032,raw,,,,,
17725,Ledger-v18,CANDIDATE,2P,6.675,3.3375,2,2458870.503614396,0.4724975768038746,0.13490555115928787,902,1,2458870.452995646,2458897.2861255286,26.8331298828125,96.47866924157303,False,1,2458883.812:0.472,0.4724975768038686,raw,,,,,
17766,Ledger-v18,CANDIDATE,2P,3.3176,1.6588,2,2459047.7804694637,0.1936060890574024,0.10127369698861312,1379,1,2459047.7095953287,2459060.23738882,12.527793491259217,90.62787671516192,False,1,2459054.264:0.194,0.19360608905740187,raw,,,,,
17818,Ledger-v17,CONFIRMED,2P,73.65,36.825,4,2460209.9530749405,0.29974229117839324,0.5716073204607968,16500,3,2460208.7239600606,2460717.2794729904,508.5555129298009,165.72073741093308,False,2,2460229.871:0.394;2460708.427:0.494,0.4944973016147174,raw,,,,,
17857,Ledger-v17,CANDIDATE,1P,7.1693,7.1693,2,2460856.548019612,0.20183048117664043,0.09550316512386274,4554,1,2460856.304340674,2460870.4921211363,14.18778046220541,47.49511543566734,False,1,2460863.164:0.202,0.2018304811766392,raw,,,,,
17872,Ledger-v17,CONFIRMED,1P,13.527,13.527,2,2459062.654574851,0.12492869367417792,0.4061645239469796,4554,2,2459062.140548851,2459524.397272558,462.25672370707616,820.1494321704613,False,2,2459074.737:0.139;2459517.100:0.233,0.23298497943789773,raw,,,,,
17923,Ledger-v18,CANDIDATE,1P,84.6518,84.6518,2,2459696.388994265,0.38313761148079517,0.1324439575251632,1149,1,2459693.4455806357,2459717.154198673,23.70861803740263,6.721733417336231,False,1,2459704.879:0.377,0.3773096284198527,raw,,,,,
17986,Ledger-v18,CANDIDATE,2P,4.6736,2.3368,3,2459116.127471203,0.3799488394312042,0.13009504191189983,2566,1,2459115.896751037,2459142.008102506,26.111351469065994,134.0877343498767,False,1,2459129.245:0.380,0.3799488394312055,raw,,,,,
18067,Beltwide6,CONFIRMED,1P,4.773,4.773,2,2459665.931952825,0.07642558989969167,0.08581184253044827,3715,2,2459184.1959664454,2459691.098248628,506.9022821825929,2548.8486847647664,False,2,2459192.647:0.087;2459678.637:0.100,0.1001178448487062,alcdef+raw,2459665.9322513123,0.07612450586475913,-0.007163699716329575,0.0003010840349325361,False
18069,Ledger-v16,CANDIDATE,1P,2.4993,2.4993,3,2460184.395504822,0.23447055799117553,0.042684714007879175,7235,1,2460184.361810373,2460207.1230833284,22.761272955220193,218.56941980766,False,1,2460195.832:0.234,0.23447055799117397,raw,,,,,
18070,Phocaea,CONFIRMED,2P,222.5,111.25,6,2460780.916348493,0.5794010203415054,0.4234868377447763,8614,2,2458816.70269047,2460802.3971664365,1985.6944759665057,214.18726931773543,False,2,2458828.784:0.650;2460789.602:0.465,0.4654211089143131,alcdef+raw,2460776.1928584166,0.5898268001399956,-109.13623816147447,-0.010425779798490131,True
18074,Ledger-v18,CANDIDATE,2P,14.7886,7.3943,2,2458842.6756289857,0.33897020905505487,0.1095461182895317,833,1,2458842.5363696693,2458868.765251505,26.2288818359375,42.566109304633294,False,1,2458855.517:0.339,0.338970209055054,raw,,,,,
18083,Ledger-v18,CANDIDATE,1P,2.3556,2.3556,2,2459570.5990127674,0.22304939201593849,0.09782158354381601,869,1,2459570.5982275675,2459578.3970808396,7.7988532721064985,79.45851525325011,False,1,2459574.587:0.223,0.2230493920159367,raw,,,,,
18114,Ledger-v16,CANDIDATE,1P,12.2033,12.2033,2,2459447.9742449936,0.35084894415335666,0.15765513622695068,866,1,2459447.7027215688,2459463.091821125,15.389099556021392,30.26545191419644,False,1,2459455.385:0.351,0.3508489441533515,raw,,,,,
18153,Ledger-v18,CONFIRMED,2P,38.448,19.224,2,2459826.4946046793,0.2707750323661299,0.05810584951321201,7233,2,2459345.2234004447,2459841.4549388005,496.23153835581616,309.7575145791611,False,1,2459833.344:0.271,0.27082640088718885,raw,,,,,
18549,Ledger-v17,CANDIDATE,2P,95.1022,47.5511,3,2459580.1326040835,0.6891939867190175,0.15087582179122852,2785,1,2459579.8551820563,2459606.938814544,27.083632487803698,6.834828003004018,False,1,2459593.323:0.689,0.6891939867190201,raw,,,,,
18615,Ledger-v17,CANDIDATE,2P,3.242,1.621,3,2459068.6644208487,0.18376934413651239,0.05631523584679788,2129,1,2459068.6334867654,2459087.0988397896,18.465353024192154,136.69601251715352,False,1,2459077.837:0.184,0.1837693441365122,raw,,,,,
18654,Ledger-v17,CANDIDATE,2P,3.9976,1.9988,2,2459452.8402853454,0.19069653717384974,0.16549994725576428,1523,1,2459452.7789055286,2459472.237646079,19.458740550559014,116.82253682544935,False,1,2459465.701:0.191,0.19069653717384946,raw,,,,,
18840,Ledger-v17,CANDIDATE,2P,3.6004,1.8002,3,2459447.710824222,0.21736467012797456,0.14418712338044726,1539,1,2459447.7029483467,2459471.3553723064,23.652423959691077,157.6653080303816,False,1,2459464.241:0.217,0.21736467012798136,raw,,,,,
18887,Ledger-v18,CONFIRMED,1P,61.625,61.625,2,2460209.627302498,0.3037071732157821,0.4314234934268774,12810,2,2460208.378112394,2460258.209421654,49.83130926033482,19.406919630799766,False,1,2460230.649:0.304,0.3037071732157794,raw,,,,,
18903,Ledger-v17,CONFIRMED,2P,59.064,29.532,4,2459449.577577011,0.4250423177818003,0.473540246395889,9220,3,2459447.6986035113,2460946.4967207005,1498.7981171892025,609.019958223975,False,2,2459472.715:0.718;2460941.050:0.603,0.6032985795762333,raw,,,,,
18910,Ledger-v18,CONFIRMED,2P,22.308,11.154,3,2460209.389105422,0.8790622288218338,0.3842510011623798,11443,2,2459174.2445770632,2460233.40266169,1059.1580846267752,1139.4922911530664,False,2,2459186.880:0.794;2460221.453:0.896,0.896192523860993,raw,,,,,
19011,Ledger-v17,CANDIDATE,2P,83.8522,41.9261,4,2460586.0246863705,0.7161225679874216,0.1836204237790894,4238,1,2460584.7564218454,2460596.730937787,11.974515941459686,3.4273207214006605,False,1,2460590.472:0.716,0.7161225679874234,raw,,,,,
19013,Cameron,CONFIRMED,1P,4.437,4.437,2,2459036.341334578,0.18635867070499987,0.04665142783647083,928,1,2459036.2861493905,2459043.800199193,7.51404980244115,40.64394754532062,False,1,2459040.056:0.186,0.1863586707049999,alcdef+raw,2459036.3413341874,0.1864024191596165,9.37655568122864e-06,-4.374845461663224e-05,False
19144,Beltwide8,CONFIRMED,1P,5.2896,5.2896,2,2459447.82716845,0.1043733463474486,0.3191524698936449,4774,2,2459447.6973528503,2459498.888191467,51.190838616807014,232.26333310710984,False,1,2459474.889:0.104,0.10437334634744806,alcdef+raw,2459447.828491,0.10431461253544824,-0.0317411944270134,5.8733812000361096e-05,False
19150,Ledger-v16,CANDIDATE,2P,5.4752,2.7376,2,2459061.8724884456,0.2646758708106409,0.08956857521744575,2552,1,2459061.862121799,2459084.7790293447,22.91690754564479,100.45400735963526,False,1,2459073.365:0.265,0.2646758708106473,raw,,,,,
19169,Phocaea,CONFIRMED,2P,87.546,43.773,2,2460509.374769513,0.266067469368827,0.4106192558205368,3839,4,2458410.93125902,2460517.871309955,2106.940050934907,577.599904306739,False,4,2458424.809:0.536;2458994.064:0.473;2459468.977:0.386;2460511.045:0.558,0.5581361137313687,alcdef+raw,2460507.68586125,0.28251431954920675,40.533798314630985,-0.016446850180379724,True
19197,Ledger-v17,CANDIDATE,1P,3.5189,3.5189,3,2460775.385722629,0.19605313183537082,0.055093252571650535,6660,1,2460775.2981477403,2460801.7795707206,26.481422980315983,180.61159780828768,False,1,2460788.610:0.196,0.1960564863830564,raw,,,,,
19290,Phocaea,CONFIRMED,2P,65.015,32.5075,3,2459492.432634537,0.6889347038328535,0.3008840567817534,3620,2,2459491.8529174537,2459524.396674714,32.543757260311395,12.013384207451718,False,1,2459508.087:0.689,0.6889347038328583,alcdef+raw,2459492.433988563,0.6889915530160644,-0.0324966162443161,-5.6849183210916365e-05,False
19364,Ledger-v16,CANDIDATE,2P,11.2488,5.6244,3,2461067.9476733175,0.7680155978142298,0.14419490805506094,2078,1,2461067.4132766775,2461073.193501715,5.78022503759712,12.332462209509538,False,1,2461070.157:0.768,0.7680155978142451,raw,,,,,
19371,Ledger-v18,CANDIDATE,2P,16.7588,8.3794,6,2460235.8552849763,4.520407923235007,1.6018920259205078,927,1,2460235.371374626,2460237.8112380155,2.4398633893579245,3.494087962419158,True,1,2460236.475:4.520,4.520407923235069,raw,,,,,
19510,Ledger-v18,CANDIDATE,2P,5.506,2.753,3,2459255.461452573,0.5401369282737015,0.12993536541456696,2363,1,2459255.4040074134,2459279.9806985073,24.576691093854606,107.12687727070659,False,1,2459267.173:0.540,0.5401369282737151,raw,,,,,
19657,Ledger-v16,CONFIRMED,2P,4.35,2.175,2,2460008.0999092744,0.1387563119556173,0.25371168956427786,2700,2,2459488.2231653845,2460013.4036917207,525.1805263361894,2897.54773151001,False,2,2459490.706:0.129;2460010.610:0.138,0.13823692671394477,raw,,,,,
19762,Ledger-v18,CANDIDATE,1P,3.1507,3.1507,2,2459797.203774353,0.33366758570522187,0.18691438031556468,1757,1,2459797.1121414946,2459823.3971094214,26.284967926796526,200.22192853750488,False,1,2459816.036:0.334,0.3336675857052148,raw,,,,,
19794,Ledger-v17,CANDIDATE,1P,5.1979,5.1979,3,2460775.4174984344,0.10835503163575569,0.3929490300995661,10500,3,2458790.682021076,2460802.071341911,2011.3893208350055,9287.085880844214,False,3,2458802.836:0.136;2460293.015:0.242;2460788.214:0.100,0.10023925059115514,raw,,,,,
19840,Ledger-v18,CANDIDATE,2P,5.2894,2.6447,5,2459456.599413715,1.073326529760966,0.1181019580541252,1473,1,2459456.5779255275,2459471.390107249,14.812181721441448,67.20844733137875,False,1,2459466.106:1.073,1.0733265297609713,raw,,,,,
19932,Ledger-v17,CANDIDATE,1P,6.3851,6.3851,2,2460559.478974517,0.2891791928510583,0.10631149316743024,8546,1,2460559.4439894897,2460584.378837174,24.934847684111446,93.72387972289778,False,1,2460571.905:0.289,0.28917919285105587,raw,,,,,
20170,Ledger-v17,CANDIDATE,2P,31.2646,15.6323,4,2460098.5744785136,0.13073311221794992,1.2515289136726733,7451,2,2459120.3418820538,2460118.8461387698,998.504256715998,766.493163551875,False,2,2459131.888:0.106;2460107.272:0.457,0.45711654299054255,raw,,,,,
20314,Ledger-v17,CANDIDATE,2P,11.5238,5.7619,4,2459474.419076851,0.9139480424064212,0.2312781617081037,2589,1,2459474.208544802,2459498.8832340916,24.674689289648086,51.38865156906178,False,1,2459486.818:0.914,0.9139480424064207,raw,,,,,
20396,Ledger-v18,CANDIDATE,2P,5.148,2.574,2,2458930.2504380285,0.23433561358984378,0.1017219307008596,682,1,2458930.2236255286,2458954.8697436927,24.6461181640625,114.90031778117716,False,1,2458942.008:0.234,0.23433561358984117,raw,,,,,
20511,Ledger-v18,CONFIRMED,2P,9.38,4.69,3,2460068.8696713997,0.6245608434903756,0.5095824813635443,14536,2,2460068.7465588995,2460631.371923187,562.6253642872907,1439.5531708843257,False,2,2460081.656:0.626;2460619.860:0.452,0.4523355567470031,raw,,,,,
20750,Ledger-v17,CONFIRMED,1P,2.66,2.66,2,2461007.152282851,0.07204529474136345,0.5207146092440483,13292,2,2459043.098911717,2461045.3037862373,2002.20487452019,18065.00638664833,False,2,2459046.946:0.178;2461025.918:0.243,0.2425432364172748,raw,,,,,
21934,Ledger-v17,CANDIDATE,1P,6.0628,6.0628,3,2459150.2601084677,0.17644499768487928,0.12677859145858678,3194,2,2459150.0428581345,2459664.0358257773,513.9929676428437,2034.675599298715,False,2,2459158.321:0.059;2459656.458:0.353,0.3532681354516645,raw,,,,,
21977,Ledger-v16,CONFIRMED,1P,3.779,3.779,2,2460244.7214761167,0.1141240232045268,0.25616671827070736,11821,3,2459769.9110877244,2460761.7980500557,991.8869623313658,6299.36149667975,False,3,2459782.464:0.222;2460252.446:0.282;2460754.204:0.305,0.3048955358883043,raw,,,,,
22015,Ledger-v18,CANDIDATE,2P,3.6044,1.8022,2,2459647.3926867037,0.2504069268212482,0.12091733718051044,1428,1,2459647.3064814704,2459664.3134992686,17.00701779825613,113.24171211800774,False,1,2459656.815:0.250,0.2504069268212485,raw,,,,,
22635,Ledger-v17,CANDIDATE,2P,84.3438,42.1719,2,2460191.374771693,0.3777771389932031,0.11177592587099527,5358,1,2460190.8019367177,2460207.1538325488,16.351895831059664,4.652926474090946,False,1,2460199.009:0.378,0.37777713899320575,raw,,,,,
22719,Padua,CONFIRMED,2P,4.777,2.3885,2,2459502.183734585,0.22066040767915615,0.21549909078120236,2583,1,2459502.1738820225,2459524.3970716055,22.223189583048224,111.6509420123838,False,1,2459513.470:0.221,0.22066040767915224,alcdef+raw,2459502.183535521,0.22123878404989727,0.004777539521455765,-0.0005783763707411238,False
22790,Beltwide2,CONFIRMED,2P,19.262,9.631,6,2459088.4418931166,0.6527642987477293,0.07706301449341488,2986,2,2459088.2990332833,2459707.1801265343,618.8810932510532,771.1113195942934,False,2,2459097.849:0.652;2459702.763:1.266,1.266337996192271,alcdef+raw,2459088.4418928334,0.6535499060536922,6.794929504394531e-06,-0.0007856073059628876,False
22870,Beltwide6,CANDIDATE,1P,4.7626,4.7626,2,2460882.9762650863,0.10187866483425108,0.17338539758453864,5597,2,2459463.084332677,2460896.4091561036,1433.3248234265484,7222.902566295125,False,2,2459466.838:0.079;2460889.001:0.062,0.0623422265383314,raw,,,,,
23044,Ledger-v18,CANDIDATE,1P,2.6848,2.6848,2,2459698.8628064515,0.21608392956651123,0.06349778475552999,406,1,2459698.7998814513,2459702.0152293686,3.2153479172848165,28.742681024596095,False,1,2459700.585:0.216,0.21608392956650857,raw,,,,,
23052,Ledger-v16,CONFIRMED,2P,206.666,103.333,4,2459175.7855842845,0.7058890196671241,0.1912192959436224,4600,2,2459174.244200368,2459691.1190818404,516.8748814724386,60.024373410907096,False,2,2459187.103:0.661;2459680.027:0.749,0.7487283338079558,raw,,,,,
23452,Hungaria,CONFIRMED,Dd,3.772,3.772,2,2459459.6150787417,0.3879391173062839,0.07788462180908157,1130,1,2459459.57792002,2459469.529294072,9.951374052092433,63.31733225085324,False,1,2459465.094:0.388,0.3879391173062812,raw,,,,,
23985,Ledger-v18,CONFIRMED,1P,3.026,3.026,2,2459967.886641308,0.10397780312314338,0.13161955059852942,7269,2,2458543.6820866344,2459987.3986256295,1443.7165389950387,11450.494691302356,False,2,2458551.752:0.097;2459977.306:0.119,0.119275304052935,raw,,,,,
24362,Ledger-v18,CONFIRMED,1P,2.439,2.439,2,2460692.551974281,0.04346711594576909,0.2478779979904397,18698,4,2459307.369313025,2460717.394922654,1410.0256096292287,13874.790746659077,False,4,2459319.842:0.199;2459783.332:0.223;2460216.096:0.237;2460704.981:0.197,0.19746540029102208,raw,,,,,
24417,Beltwide8,CONFIRMED,1P,3.783,3.783,3,2460209.1727342946,0.28508827895820915,0.5655506129612543,18466,3,2460209.111969857,2460792.892882651,583.7809127941728,3703.606108131152,False,2,2460233.102:0.290;2460785.656:0.220,0.21966738951915266,alcdef+raw,2460209.172025125,0.2663738678309657,0.01702006906270981,0.018714411127243424,False
24503,Ledger-v18,CANDIDATE,2P,4.2882,2.1441,2,2460126.665390994,0.19209800562917442,0.11099419972355015,7628,1,2460126.648595544,2460151.5192823755,24.870686831418425,139.1951130903508,False,1,2460138.692:0.192,0.19209800562917245,raw,,,,,
24687,Hungaria,CONFIRMED,Dd,4.0981,4.0981,4,2460100.831639332,0.14716952502555916,0.6423713855384658,5898,3,2458385.994077722,2460115.4966003047,1729.502522582654,10128.610951900562,False,3,2458396.048:0.331;2458943.556:0.406;2460108.226:0.320,0.3199382204594568,raw,,,,,
24730,Ledger-v17,CONFIRMED,1P,60.491,60.491,3,2460209.115807357,0.39469632849256087,0.4420489654975843,11885,2,2460208.356146366,2460259.403760663,51.047614296898246,20.253306163322772,False,1,2460229.303:0.382,0.3824079220269954,raw,,,,,
24757,Ledger-v18,CANDIDATE,2P,3.146,1.573,2,2458765.567529228,0.1632100311195962,0.09325708793486567,393,1,2458765.557304728,2458787.806999552,22.24969482421875,169.73702345239988,False,1,2458781.701:0.163,0.1632100311195994,raw,,,,,
24809,Ledger-v16,CANDIDATE,2P,6.4374,3.2187,3,2459460.2355767046,0.9224164941636201,0.13798651405765106,1451,1,2459460.2066659704,2459473.1382739893,12.931608018931001,48.211792409100575,False,1,2459466.899:0.922,0.9224164941636057,raw,,,,,
24903,Ledger-v17,CONFIRMED,2P,83.362,41.681,3,2460070.995274348,0.467591008296999,0.2304946875145844,11959,2,2459061.862503656,2460096.070672687,1034.208169030957,297.7495268436814,False,2,2459074.165:0.420;2460081.845:0.452,0.4517263010925631,raw,,,,,
25316,Beltwide9,CANDIDATE,2P,3.3269,1.66345,2,2459955.0575566003,0.2200704140826612,0.07396894103821577,2591,1,2459955.0474372795,2459962.4038770464,7.3564397669397295,53.06878908489991,False,1,2459958.658:0.220,0.22007041408266212,raw,,,,,
25875,Ledger-v18,CONFIRMED,1P,23.705,23.705,4,2459525.7610477335,0.28621068290427526,0.7796517914479952,5225,2,2459525.7343796086,2459606.9037892534,81.16940964479,82.17953307213499,False,1,2459566.024:0.286,0.28621068290427715,raw,,,,,
25880,Ledger-v18,CONFIRMED,2P,433.59,216.795,6,2459540.9553924603,0.6231262528472409,0.47042378392563483,5785,2,2459525.788775585,2459578.348021599,52.559246013872325,2.909250453960967,True,1,2459551.530:0.623,0.6231262528472512,raw,,,,,
25977,Ledger-v17,CANDIDATE,1P,7.3106,7.3106,2,2459609.254199215,0.3256354374667805,0.1533035588254315,2160,1,2459608.903720711,2459631.695239105,22.79151839390397,74.82237319148844,False,1,2459619.786:0.326,0.32554697160112317,raw,,,,,
26161,Ledger-v17,CANDIDATE,2P,4.0354,2.0177,2,2459181.0300474428,0.205438214986972,0.07237922522283281,1783,1,2459181.00154743,2459200.230334536,19.22878710599616,114.36063105117408,False,1,2459191.716:0.205,0.20543821498697357,raw,,,,,
26347,Ledger-v18,CANDIDATE,2P,5.9142,2.9571,3,2459825.295181702,0.4625280864656639,0.1387478871149689,5714,1,2459825.2625303892,2459841.649384041,16.38685365160927,66.4983408810359,False,1,2459833.554:0.463,0.4625280864656651,raw,,,,,
26542,Ledger-v18,CANDIDATE,1P,13.5153,13.5153,5,2458792.3014226025,0.2640075189429788,0.11064832251309717,687,1,2458791.9322859715,2458814.3903045147,22.458018543198705,39.88016877440893,False,1,2458803.327:0.264,0.26400751894297403,raw,,,,,
27128,Ledger-v17,CANDIDATE,1P,13.0791,13.0791,2,2459338.291190609,0.19944735804483077,0.07350709903104587,2211,1,2459338.0432326715,2459360.397116465,22.353883793577552,41.019122955391516,False,1,2459348.945:0.199,0.19944735804483038,raw,,,,,
27708,Beltwide6,CANDIDATE,2P,98.079,49.0395,3,2460612.3539057155,0.4771166534803985,0.188388022558279,4572,1,2460610.561920653,2460624.670663577,14.108742923941463,3.452419276038654,False,1,2460617.768:0.477,0.4771166534803918,raw,,,,,
27755,Ledger-v18,CANDIDATE,1P,11.801,11.801,2,2458930.442221457,0.1269000151809837,0.09711450025463791,395,1,2458930.1403125403,2458940.140556681,10.000244140625,20.337756069400896,False,1,2458935.237:0.127,0.12690001518098173,raw,,,,,
27791,Ledger-v16,CANDIDATE,2P,6.3926,3.1963,2,2459617.043520776,0.4862225539767788,0.11956380667937411,1748,1,2459617.0151536134,2459635.98745482,18.972301206551492,71.22848746319742,False,1,2459627.451:0.486,0.4862225539767857,raw,,,,,
28024,Ledger-v17,CANDIDATE,1P,61.2774,61.2774,3,2459859.08973298,0.3486905959613966,0.18306962060448412,6942,1,2459858.5012146174,2459881.3966395147,22.895424897316843,8.967257056200236,False,1,2459870.748:0.349,0.34869059596139834,raw,,,,,
28056,Ledger-v16,CONFIRMED,1P,6.157,6.157,2,2459174.3617143543,0.0993461626186465,0.031104056862174906,4000,2,2459174.244200368,2459650.4458055915,476.2016052235849,1856.234939965249,False,1,2459185.691:0.099,0.0993461626186468,raw,,,,,
28230,Ledger-v17,CONFIRMED,2P,96.06,48.03,4,2460287.929092178,0.3731035766062107,0.5129017469054153,5973,3,2458778.8693774818,2460312.3983407957,1533.5289633139037,383.14277659310517,False,3,2458783.414:0.576;2459300.357:0.568;2460299.790:0.456,0.4562949491405136,raw,,,,,
28257,Ledger-v18,CONFIRMED,2P,391.126,195.563,6,2460731.7458873214,0.6357310891074033,0.27935997426195097,12321,2,2459307.2931998726,2460745.0385062834,1437.7453064108267,88.22192171796262,False,2,2459319.861:0.850;2460731.279:0.831,0.8309177710426683,raw,,,,,
28263,Ledger-v17,CANDIDATE,2P,85.6992,42.8496,4,2459855.1200773558,0.4535806757188976,0.17375270572305435,8534,1,2459853.3596729557,2459881.396945551,28.037272595334798,7.851818246705163,False,1,2459867.622:0.454,0.4535806757188811,raw,,,,,
28304,Ledger-v17,CANDIDATE,1P,11.1906,11.1906,2,2459259.96812624,0.15425242423574015,0.10351360373477303,1850,1,2459259.6543231653,2459279.980435426,20.326112260576338,43.59254144137331,False,1,2459269.723:0.154,0.15425242423574265,raw,,,,,
28462,Ledger-v18,CONFIRMED,2P,6.238,3.119,4,2460775.5340226446,0.6087782110580948,0.2618193227492576,10633,3,2459255.4040074134,2460802.089860806,1546.6858533923514,5950.699019143384,False,3,2459264.561:0.678;2459814.859:0.700;2460788.027:0.803,0.8030983950548319,raw,,,,,
28748,Ledger-v17,CONFIRMED,1P,3.116,3.116,3,2460208.4555935278,0.14602294460293547,0.2941907728685215,4000,2,2459645.1125112325,2460213.7349751694,568.6224639369175,4379.633868577028,False,2,2459655.107:0.112;2460211.044:0.178,0.17772571656754071,raw,,,,,
28844,Ledger-v17,CONFIRMED,2P,3.208,1.604,2,2460014.7513063625,0.2118771580836225,0.20982200310039034,10574,2,2459447.7015897036,2460040.2625139956,592.5609242920764,4433.124121885858,False,2,2459461.482:0.244;2460027.146:0.198,0.19808120206326654,raw,,,,,
29199,Ledger-v16,CONFIRMED,2P,15.38,7.69,3,2459937.522974298,0.25670271085377017,0.40170727593775235,8666,3,2459447.7027300876,2460919.6498722383,1471.9471421507187,2296.9266197410434,False,3,2459454.218:0.407;2459943.357:0.440;2460914.658:0.412,0.41240116657660797,raw,,,,,
29622,Ledger-v17,CANDIDATE,2P,130.644,65.322,6,2460211.38347364,0.49304084500955486,0.6927989442287129,15580,2,2460208.47936639,2460801.8062294666,593.3268630765378,108.997311119048,False,2,2460220.908:0.296;2460790.989:0.487,0.48655085189541725,raw,,,,,
29909,Phocaea,CONFIRMED,2P,14.38,7.19,2,2460208.63730592,0.3520979713471589,0.5312003028331279,17278,3,2459784.5142959165,2460259.396790585,474.8824946684763,792.5716183618518,False,2,2459790.194:0.267;2460233.545:0.354,0.35361988942023,alcdef+raw,2460208.9338935,0.35355578734611365,-7.11810191720724,-0.0014578159989547257,True
29931,Ursula,CONFIRMED,2P,4.5834,2.2917,2,2459281.132450698,0.28178732296562614,0.0822463727550501,1975,1,2459281.007803449,2459298.4942298154,17.486426366493106,91.56395531610475,False,1,2459289.762:0.282,0.28178732296562553,alcdef+raw,2459281.1324506374,0.2818294128500842,1.4528632164001465e-06,-4.208988445808526e-05,False
30428,Ledger-v18,CANDIDATE,2P,22.1222,11.0611,2,2459798.6438156595,0.4337745156226069,0.222679390139937,2228,1,2459798.396784426,2459822.868701429,24.471917002927512,26.54916816909079,False,1,2459811.037:0.434,0.4337745156226066,raw,,,,,
30482,Ursula,CONFIRMED,2P,8.67,4.335,2,2461074.2286851294,0.121873325652778,0.1497824794943272,11943,2,2459333.910878824,2461100.397230217,1766.4863513926975,4889.927616311966,False,2,2459347.267:0.124;2461086.824:0.127,0.1270773535943246,alcdef+raw,2461074.228684875,0.12237033134793218,6.102025508880615e-06,-0.000497005695154179,False
30849,Ledger-v18,CANDIDATE,2P,11.1,5.55,2,2458777.852398966,0.3476265240803266,0.06644418638931131,430,1,2458775.8489307044,2458787.8697436927,12.02081298828125,25.99094700168919,False,1,2458782.739:0.348,0.34762652408032474,raw,,,,,
30968,Phocaea,CONFIRMED,2P,8.302,4.151,2,2458386.0265142727,0.16281561303209616,0.08723724147003555,962,2,2458385.972205356,2458415.8473826637,29.87517730752006,86.3652439629585,False,1,2458399.718:0.163,0.16281561303209582,alcdef+raw,2458386.0265139164,0.16277185354181423,8.549541234970093e-06,4.375949028193049e-05,False
31147,Ledger-v18,CANDIDATE,2P,4.1808,2.0904,2,2459447.758518147,0.5486818316868808,0.18578492846167965,1003,1,2459447.7029483467,2459462.3695123824,14.666564035695046,84.19382339664206,False,1,2459453.830:0.549,0.5486818316868798,raw,,,,,
31361,Ledger-v16,CANDIDATE,1P,8.4995,8.4995,2,2459228.9662098945,0.05246383038470277,0.13941017834098698,2990,2,2458782.0363696693,2459253.7445692355,471.7081995662302,1331.9603258532295,False,1,2459241.067:0.053,0.05252514988080968,raw,,,,,
31382,Ledger-v17,CONFIRMED,1P,23.883,23.883,2,2459825.726351151,0.18100361077594607,0.5603640718192366,19319,3,2459333.9876504205,2460774.397202641,1440.4095522202551,1447.4659487202666,False,3,2459347.047:0.181;2459838.446:0.201;2460762.425:0.219,0.21854990579246175,raw,,,,,
31446,Ledger-v17,CANDIDATE,1P,5.6211,5.6211,2,2459937.2453396157,0.26849871131936776,0.14742900342941112,4315,1,2459937.095345688,2459949.769209615,12.673863926902413,54.11267087325575,False,1,2459943.852:0.268,0.2683756816621509,raw,,,,,
32138,Ledger-v17,CONFIRMED,2P,99.496,49.748,4,2459475.4621307147,0.9081452735842357,0.436482661256502,4016,2,2459474.170755548,2459524.3970716055,50.22631605761126,12.115377355699428,False,1,2459497.213:0.908,0.9081452735842324,raw,,,,,
32158,Ledger-v18,CONFIRMED,1P,44.088,44.088,6,2459449.2055298504,0.07736150754193528,0.5645662616676925,8208,3,2459447.6973528503,2459524.3970716055,76.69971875520423,41.752704820470456,False,1,2459486.277:0.077,0.0773615075419351,raw,,,,,
32164,Ledger-v18,CANDIDATE,1P,73.7175,73.7175,3,2460957.4810188743,0.338381887529956,0.23526446633910367,9805,1,2460955.508252182,2460988.2873628135,32.779110631439835,10.67180323742064,False,1,2460971.563:0.338,0.33803963332837084,raw,,,,,
32253,Beltwide9,CONFIRMED,2P,6.938,3.469,2,2461077.181617727,0.4230830294506053,0.18367539045844294,9267,2,2459322.0150514897,2461100.397230217,1778.3821787270717,6151.797677925876,False,2,2459327.284:0.400;2461088.512:0.439,0.439263099557334,raw,,,,,
33082,Ledger-v18,CANDIDATE,1P,2.9283,2.9283,2,2459485.064179578,0.20483086324459257,0.11875736074644345,1269,1,2459484.973707309,2459498.8417062457,13.867998936679214,113.66047689113175,False,1,2459493.248:0.205,0.20483086324459385,raw,,,,,
33717,Beltwide4,CONFIRMED,2P,50.31,25.155,4,2459502.2942625335,0.23117748348884098,0.5214759531363256,7688,4,2459088.2509654267,2459570.806563386,482.55559795955196,230.19945042793177,False,2,2459097.901:0.314;2459537.120:0.346,0.3459077860363917,alcdef+raw,2459500.21058975,0.2165528771979009,-0.3018531998991942,0.01462460629094009,False
33729,Ledger-v16,CANDIDATE,1P,7.2557,7.2557,3,2459036.382695537,0.32633125523369655,0.17050394621788734,2331,1,2459036.2864063517,2459057.8000842887,21.513677936978638,71.16174462663662,False,1,2459046.929:0.326,0.3263312552336948,raw,,,,,
34060,Ledger-v17,CANDIDATE,2P,29.746,14.873,3,2460614.254062328,0.5057518551496311,0.1058261004570438,6746,1,2460613.70314162,2460635.3972626673,21.694121047388762,17.503493079315884,False,1,2460624.427:0.506,0.5059253774858307,raw,,,,,
34588,Ledger-v18,CANDIDATE,2P,9.1362,4.5681,3,2459036.352957853,0.143215084648598,0.09649307378910173,1676,1,2459036.2861493905,2459051.751679227,15.465529836714268,40.62659706236098,False,1,2459043.674:0.143,0.1432150846485989,raw,,,,,
34812,Ledger-v17,CANDIDATE,2P,3.0972,1.5486,2,2459894.15611708,0.21885247108712874,0.10169770488853101,5358,1,2459894.084470378,2459909.4035655074,15.319095129612833,118.70666508804985,False,1,2459901.674:0.218,0.21845019242971156,raw,,,,,
35566,Ledger-v17,CANDIDATE,2P,94.7676,47.3838,4,2459062.444547674,0.8470728016072024,0.09080338563674194,2868,1,2459061.862121799,2459087.098460342,25.23633854277432,6.39113077704388,False,1,2459074.467:0.847,0.8470728016072047,raw,,,,,
35709,Ledger-v17,CANDIDATE,1P,11.4086,11.4086,3,2460908.416361395,0.1739613556036359,0.07630696786078976,5878,1,2460908.3392700357,2460926.2442679494,17.904997913632542,37.6663175084744,False,1,2460916.416:0.174,0.1739613556036361,raw,,,,,
36273,Ledger-v18,CONFIRMED,1P,7.734,7.734,2,2460858.04348309,0.04526861573767882,0.28992783241421954,14021,2,2460339.7878832296,2460881.398713519,541.6108302893117,1680.7163081126819,False,2,2460353.269:0.214;2460869.279:0.160,0.16028960849912685,raw,,,,,
37113,Ledger-v18,CANDIDATE,1P,3.6822,3.6822,2,2459447.8291437686,0.30287255444045036,0.14787354752455167,1927,1,2459447.7027215688,2459468.952897512,21.25017594313249,138.50530189429682,False,1,2459459.546:0.303,0.3028725544404583,raw,,,,,
37567,Ledger-v17,CANDIDATE,2P,62.1256,31.0628,2,2459476.5768932304,0.4391253537005787,0.16229241344024115,2390,1,2459474.2027043435,2459498.251436916,24.04873257270083,9.290366318310324,False,1,2459487.361:0.439,0.4391253537005791,raw,,,,,
38042,Beltwide8,CANDIDATE,1P,95.4625,95.4625,2,2458439.2846185756,0.12065046750090208,0.05528050207857359,905,1,2458438.3478927943,2458463.3898043274,25.041911533102393,6.295727398658713,False,1,2458450.897:0.121,0.12065046750090366,raw,,,,,
39866,Hungaria,CONFIRMED,D,44.7738,44.7738,6,2461179.765480461,0.4977225252348184,0.5050139735364921,18140,4,2460041.120248179,2461212.40142723,1171.281179050915,627.8392340436138,False,3,2460047.119:0.676;2460652.260:0.661;2461195.591:0.747,0.747037026481145,raw,,,,,
39899,Ledger-v18,CANDIDATE,1P,3.958,3.958,4,2459062.0199166145,0.3447428071766231,0.17782093635044247,3023,1,2459061.862503656,2459086.9668960436,25.104392387438565,152.22471381973864,False,1,2459074.310:0.345,0.34474280717661815,raw,,,,,
41430,Ledger-v17,CANDIDATE,2P,11.6574,5.8287,2,2459088.261682787,0.5765032421649634,0.1637140102377387,1368,1,2459088.2512396993,2459111.799595342,23.548355642706156,48.48083924588225,False,1,2459103.379:0.577,0.5765032421649535,raw,,,,,
42921,Ledger-v18,CONFIRMED,1P,8.716,8.716,2,2460193.247674097,0.07578204046178438,0.2059549016549337,6968,2,2459639.029133427,2460207.137378856,568.1082454291172,1564.3182526731086,False,2,2459651.681:0.175;2460200.558:0.171,0.17145571962540992,raw,,,,,
43275,Ledger-v17,CONFIRMED,1P,64.435,64.435,6,2459855.9427417954,0.14835621121141235,0.3096658747112192,19194,3,2459307.7651573676,2460774.39761035,1466.6324529824778,546.2742123314886,False,3,2459320.288:0.237;2459867.895:0.183;2460762.754:0.190,0.18989828511340426,raw,,,,,
43357,Hungaria,CONFIRMED,Dd,34.0497,34.0497,2,2460020.9856826016,0.4719119130592452,0.22939649639718937,5855,1,2460020.206795714,2460037.252919092,17.0461233779788,12.01499458354967,False,1,2460028.666:0.472,0.4719119130592363,raw,,,,,
43469,Ledger-v18,CANDIDATE,2P,3.4488,1.7244,2,2459036.4728976307,0.09170816163870418,0.08222552827983001,2748,1,2459036.3968803305,2459060.3971104,24.00023006927222,167.0162148174824,False,1,2459048.594:0.092,0.09170816163870592,raw,,,,,
43891,Ledger-v18,CONFIRMED,1P,3.115,3.115,3,2460533.4851344083,0.2829528661665696,0.7938486896137686,10981,2,2459584.8136754204,2460558.2217646167,973.4080891963094,7499.77339990736,False,2,2459596.133:0.391;2460545.826:0.386,0.38619470599961286,raw,,,,,
43926,Ledger-v17,CONFIRMED,2P,3.234,1.617,3,2460208.394549783,0.12120318406021852,0.17556777385703923,9215,3,2458764.973747599,2460227.1330661564,1462.1593185574748,10850.904033821704,False,3,2458776.948:0.136;2459291.148:0.136;2460217.484:0.144,0.1437590679022392,raw,,,,,
44118,Ledger-v18,CANDIDATE,2P,72.2076,36.1038,4,2460210.3863025247,0.4731376570301422,0.15844342931112332,7002,1,2460208.35997675,2460230.873346859,22.513370109256357,7.482881062688036,False,1,2460219.843:0.473,0.4731376570301345,raw,,,,,
45287,Ledger-v18,CONFIRMED,1P,4.409,4.409,2,2459447.8674898697,0.21100201010470765,0.3192584083840151,4653,2,2459447.6996723074,2459498.876289473,51.176617165561765,278.5753712799915,False,1,2459473.718:0.211,0.21100201010470654,raw,,,,,
45456,Ledger-v18,CANDIDATE,2P,9.2646,4.6323,2,2459797.389891578,0.10842329840141293,0.0508193571426838,783,1,2459797.1117605655,2459803.3966271025,6.284866536967456,16.28098319271409,False,1,2459800.246:0.108,0.10842329840141238,raw,,,,,
45469,Ledger-v18,CONFIRMED,1P,42.388,42.388,2,2459798.321177069,0.19300634490328228,0.24815615763189997,4733,2,2459312.049999228,2459823.3968433794,511.34684415115044,289.5235505243845,False,2,2459322.261:0.242;2459810.251:0.256,0.2555366812436337,raw,,,,,
45825,Hungaria,CANDIDATE,Dd,33.7133,33.7133,4,2461063.36870043,0.6183472179672369,0.22791594157200454,3169,1,2461063.0189249422,2461073.3733176617,10.354392719455063,7.37113914291753,False,1,2461068.060:0.618,0.6183472179672381,raw,,,,,
46568,Ledger-v16,CANDIDATE,2P,64.4736,32.2368,2,2458847.1939046364,0.45906544957939366,0.13804745446676706,824,1,2458846.2227710364,2458868.55626713,22.33349609375,8.313540832992107,False,1,2458857.647:0.459,0.45906544957938833,raw,,,,,
46992,Beltwide5,CANDIDATE,2P,53.8038,26.9019,6,2460127.7209183006,0.4056381123241277,0.16137700161928267,8051,2,2459569.5866024992,2460151.549571823,581.9629693236202,259.5933979341029,False,2,2459573.923:0.063;2460138.438:0.570,0.5698161411009608,raw,,,,,
48423,Ledger-v17,CANDIDATE,2P,5.4628,2.7314,3,2459130.439116128,0.7305119378337046,0.0606472620763897,1449,1,2459130.2168484526,2459142.52930367,12.312455217354,54.09294230367138,False,1,2459136.160:0.731,0.7305119378337096,raw,,,,,
50380,Ledger-v17,CONFIRMED,2P,5.684,2.842,4,2459882.4952209126,0.6837340539455862,0.17767553698884264,11095,2,2459334.327647997,2459909.3966213255,575.0689733284526,2428.1589303101446,False,2,2459342.988:0.597;2459895.866:0.706,0.7057426021306846,raw,,,,,
50545,Beltwide8,CONFIRMED,2P,3.182,1.591,2,2459882.353198284,0.15335332376252747,0.16627611549486626,5753,2,2458878.723808634,2459897.383039269,1018.6592306350358,7683.16201610335,False,2,2458889.237:0.093;2459889.938:0.148,0.1475003352931507,alcdef+raw,2459882.3533310834,0.1497057690188218,-0.003187190741300583,0.0036475547437056777,False
53365,Ledger-v17,CANDIDATE,2P,190.071,95.0355,5,2459064.1908734064,0.873618670748345,0.16753410643510588,2942,1,2459061.862503656,2459087.0988397896,25.23633613344282,3.186556956098656,False,1,2459074.460:0.874,0.873618670748329,raw,,,,,
53422,Hungaria,CONFIRMED,Dd,26.6024,26.6024,4,2460208.786861851,0.6011591723469547,0.3090296315474847,4035,1,2460208.3645487507,2460222.5983965495,14.233847798779607,12.841410818975376,False,1,2460214.978:0.601,0.6011355573552374,raw,,,,,
55103,Ledger-v16,CONFIRMED,2P,4.642,2.321,2,2460747.2233162033,0.18773490242153465,0.564434930906353,16792,3,2460234.0462865233,2460789.5059668347,555.4596803113818,2871.829454431961,False,2,2460244.794:0.232;2460765.455:0.184,0.18353233869733923,raw,,,,,
55720,Hungaria,CANDIDATE,Dd,10.4668,10.4668,2,2459144.7925900915,0.648562353825438,0.16800040096574637,2084,1,2459144.5350631997,2459163.097857098,18.562793898396194,42.56382596032299,False,1,2459153.394:0.649,0.6485623538254176,raw,,,,,
56351,Hungaria,CANDIDATE,Dd,33.8883,33.8883,2,2460883.9595523467,0.6176267712777394,0.3555810738810736,7692,1,2460882.7190993656,2460907.335085033,24.615985667333007,17.433263280128898,False,1,2460894.992:0.617,0.6171209096505064,raw,,,,,
56439,Ledger-v18,CANDIDATE,1P,23.6982,23.6982,2,2459049.8044663924,0.29240542716247697,0.08893940778617299,1354,1,2459049.2100040372,2459060.397492255,11.187488217838109,11.329962496228179,False,1,2459054.884:0.292,0.29240542716247847,raw,,,,,
58098,Hungaria,CONFIRMED,D,56.5441,56.5441,2,2460340.8931205575,0.3524422574207198,0.4868140736142738,8397,2,2460339.823494666,2460920.856311333,581.0328166671097,246.61790708510054,False,2,2460348.616:0.411;2460914.697:0.612,0.6120589137417801,raw,,,,,
58143,Beltwide7,CANDIDATE,1P,39.16,39.16,2,2459092.859758049,0.2801682704599693,0.06968870347811933,2292,1,2459091.313753882,2459113.570377492,22.256623609922826,13.640423050003776,False,1,2459102.719:0.280,0.2801682704599705,raw,,,,,
59522,Ledger-v18,CANDIDATE,2P,6.8802,3.4401,2,2459837.4140398577,0.27417739002171554,0.1132263009329006,5279,1,2459837.1030415315,2459852.397001148,15.293959616683424,53.34947106194618,False,1,2459844.859:0.274,0.27417739002171504,raw,,,,,
65668,Ledger-v17,CANDIDATE,1P,74.549,74.549,4,2460592.236591622,0.38423630331763603,0.19028207062169505,6038,1,2460589.5963145383,2460609.4015425327,19.805227994453162,6.376014056082253,False,1,2460600.062:0.384,0.3842820617571607,raw,,,,,
66195,Hungaria,CONFIRMED,2P,52.4002,26.2001,3,2459858.289902231,0.6699925986747512,0.15387555248936152,6795,1,2459857.6065162895,2459881.4029307426,23.79641445307061,10.899079524003623,False,1,2459870.591:0.670,0.6699925986747575,raw,,,,,
66949,Ledger-v18,CANDIDATE,1P,4.7744,4.7744,2,2459608.9456976536,0.3234464657364362,0.07688459811358557,2194,1,2459608.8621361335,2459631.744439155,22.88230302138254,115.02498167585058,False,1,2459619.465:0.323,0.3234464657364348,raw,,,,,
67508,Ledger-v18,CANDIDATE,2P,23.7916,11.8958,2,2458876.749465026,0.5203806456429682,0.12515832890173448,686,1,2458876.4322436927,2458897.390251505,20.9580078125,21.141587261890752,False,1,2458887.216:0.520,0.5203806456429662,raw,,,,,
71737,Hungaria,CANDIDATE,Dd,4.2921,4.2921,2,2459253.1925531663,0.5895090892167674,0.1019228392043892,116,1,2459253.112255129,2459254.0566873676,0.9444322385825217,5.2809519177047415,False,1,2459253.533:0.590,0.5895090892167687,raw,,,,,
73689,Ledger-v16,CONFIRMED,2P,216.406,108.203,3,2459946.514548395,0.25580389797429054,0.3703968068477918,4168,2,2458769.327629435,2459949.768628139,1180.4409987041727,130.9140410566257,False,2,2458780.521:0.586;2459944.259:0.440,0.44011183522720204,raw,,,,,
74511,Hungaria,CONFIRMED,Sq,16.8991,16.8991,3,2460045.6139176423,0.18335782618293803,0.3043045535865715,8924,2,2459450.3555711196,2460066.195033313,615.8394621931948,874.6114936675133,False,2,2459463.308:0.295;2460055.448:0.285,0.284949020372421,raw,,,,,
76865,Hungaria,CONFIRMED,S,2.2942,2.2942,2,2459928.6003679372,0.11210449901561241,0.38314386050477406,4642,3,2458787.1188892005,2459936.276551038,1149.1576618375257,12021.525535742574,False,3,2458788.131:0.209;2459343.554:0.139;2459932.531:0.222,0.2219386654167783,raw,,,,,
86402,Ledger-v17,CANDIDATE,2P,6.1022,3.0511,4,2459036.4183664266,0.7050321972603975,0.22847827990243735,2145,1,2459036.2864063517,2459056.195956594,19.909550242125988,78.30441575350264,False,1,2459045.855:0.710,0.7101091152704309,raw,,,,,
86420,Hungaria,CONFIRMED,Sq,8.211,8.211,2,2460754.0287467516,0.24843700209004316,0.6913031870265991,10937,3,2459626.424982775,2460772.802711229,1146.3777284538373,3350.756970270624,False,3,2459630.769:0.324;2460213.199:0.259;2460763.387:0.261,0.2614700663043718,raw,,,,,
92227,Hungaria,CONFIRMED,2P,93.12,46.56,4,2460734.99753844,0.3970714801391547,0.4344083483463467,7013,2,2459579.8346383143,2460746.0267926194,1166.1921543050557,300.5649882229525,False,2,2459593.243:0.472;2460739.209:0.367,0.3672497561081053,raw,,,,,
94030,Ledger-v16,CANDIDATE,2P,10.758,5.379,3,2459061.8822633466,0.52807887562379,0.09650598313623343,2257,1,2459061.8607473467,2459082.6734913564,20.81274400977418,46.43110766263063,False,1,2459071.897:0.528,0.5280788756237934,raw,,,,,
97779,Hungaria,CANDIDATE,Dd,7.0108,7.0108,2,2460260.7044944693,0.32351327035442123,0.5905541270563734,6429,3,2459197.39003107,2460829.3747451175,1631.9847140475176,5586.756595130431,False,3,2459198.935:0.255;2460274.458:0.075;2460823.183:0.384,0.3839096794443554,raw,,,,,
106622,Ledger-v18,CANDIDATE,2P,28.1854,14.0927,2,2459937.2576618004,0.42611302753817737,0.1851621549783574,4424,1,2459936.998121242,2459955.498411867,18.500290624797344,15.753084043339326,False,1,2459944.147:0.426,0.42611302753817065,raw,,,,,
133054,Ledger-v18,CANDIDATE,2P,73.2462,36.6231,3,2459123.06645169,0.4478747102357433,0.16985464697157932,1913,1,2459121.4107823777,2459142.40393118,20.993148802313954,6.8786581591336455,False,1,2459132.608:0.448,0.4478747102357386,raw,,,,,
147449,Hungaria,CONFIRMED,D,33.555,33.555,4,2460042.063594222,0.4935736891156699,0.29810305105042323,8851,2,2458870.452995646,2460068.027752322,1197.5747566763312,856.5577159955877,False,2,2458874.684:0.658;2460054.245:0.635,0.6347859947951604,raw,,,,,
200474,Hungaria,CONFIRMED,Dd,7.1426,7.1426,2,2460615.6701906235,0.5112166054971425,0.3561260074358927,6284,2,2458899.5571826575,2460635.3965672064,1735.8393845488317,5832.630306775119,False,2,2458912.468:0.489;2460625.077:0.544,0.5435718587444663,raw,,,,,
